,,,,,,,"CLIENTE:","=$CAPA.G27",,,," PROJETO:","=$CAPA.A31",,,"VERIFICADO:","ALEXANDRE MANDUCA",
,,,,,,,,,,,,,,,,"APROVADO:","GIANCARLO BORGES AVELAR",
,,,,,,,"TÍTULO:","LISTA DE INSTRUMENTO 
MOAGEM DE CIMENTO Z2",,,,"Nº. CLIENTE:","=$CAPA.J38",,,"FOLHA:","REVISÃO:","=$CAPA.Q24"
,,,,,,,,,,,,"Nº. SM&A:","=$CAPA.K19",,,," DATA: ","=$CAPA.K24"
"ITEM","TAG VC","TAG SINOMA","EQUIPAMENTO","FUNÇÃO","INSTRUMENTO","TIPO DE SINAL","RANGE 
MÍNIMO","RANGE MÁXIMO","FABRICANTE","MODELO","QTY","FORNECEDOR","PAINEL PARA INTERLIGAÇÃO","MATERIAL PARA MONTAGEM","FOLHA DE DADOS","COMENTÁRIOS",,"REV."
1,"Z2J08LSH","-","REGUEIRA DE SAÍDA DO MOINHO - Z2J08","NÍVEL ALTO","CHAVE DE NÍVEL","120Vca","150mm","300mm","VEGA","VEGAVIB63",1,"VOTORANTIM","Z2RM5","-","ED-I-Z2000-107","-",,1
"=A6+1","Z2J10LSH","571BE01.LS1"," ELEVADOR DE CANECAS - Z2J10","NÍVEL ALTO","CHAVE DE NÍVEL","120Vca","-","-","E+H","FTE20-AA11AA31",1,"SINOMA","Z2RM5","-","-","-",,1
"=A7+1","Z2J10M2SE","571BE01.M2.SS1"," ELEVADOR DE CANECAS - Z2J10","SENSOR DO MOTOR AUXILIAR 
VIGIA DE VELOCIDADE","SENSOR INDUTIVO NAMUR","120Vca","-","-","IFM","IG5497+ECV004
DD0203",1,"SINOMA","Z2RM5","-","-","-",,1
"=A8+1","Z2J10SE1","571BE01.SS1","ELEVADOR DE CANECAS - Z2J10","SENSOR 1 - PÉ DO ELEVADOR
VIGIA DE VELOCIDADE","SENSOR INDUTIVO DE PROXIMIDADE","120Vca","-","-","Schneider"," XSAV11801",1,"SINOMA","Z2RM5","-","-","-",,1
"=A9+1","Z2J10SE1CX","-"," ELEVADOR DE CANECAS - Z2J10","CAIXA DE PROTEÇÃO PARA VIGIA DE VELOCIDADE","-","-","-","-","-","CX. Padrão Vigia de Velocidade com anteparo de 2 Aletas (30 a 60 rpm)",1,"VOTORANTIM","-","VCM-0828 IT 02 + VCM-0830","Código de Compra VC: 491550","COMPRAR CONFORME MODELO VOTORANTIM INFORMADO NA COLUNA FOLHA DE DADOS",,1
"=A10+1","Z2J10SE2","-"," ELEVADOR DE CANECAS - Z2J10","SENSOR 2 - PÉ DO ELEVADOR
VIGIA DE VELOCIDADE","SENSOR INDUTIVO DE PROXIMIDADE","120Vca","-","-","TELEMECANIQUE","XS1M30MB250",1,"VOTORANTIM","Z2RM5","-","ED-I-Z2000-103","-",,1
"=A11+1","Z2J10SE2CX","-"," ELEVADOR DE CANECAS - Z2J10","CAIXA DE PROTEÇÃO PARA VIGIA DE VELOCIDADE","-","-","-","-","-","CX. Padrão Vigia de Velocidade com anteparo de 2 Aletas (30 a 60 rpm)",1,"VOTORANTIM","-","VCM-0828 IT 02 + VCM-0830","Código de Compra VC: 491550","COMPRAR CONFORME MODELO VOTORANTIM INFORMADO NA COLUNA FOLHA DE DADOS",,1
"=A12+1","Z2J10SE3","-"," ELEVADOR DE CANECAS - Z2J10","SENSOR - TOPO DO ELEVADOR
VIGIA DE VELOCIDADE","SENSOR INDUTIVO DE PROXIMIDADE","120Vca","-","-","TELEMECANIQUE","XS1M30MB250",1,"VOTORANTIM","Z2RM5","-","ED-I-Z2000-103","-",,1
"=A13+1","Z2J10SE3CX","-"," ELEVADOR DE CANECAS - Z2J10","CAIXA DE PROTEÇÃO PARA VIGIA DE VELOCIDADE","-","-","-","-","-","CX. Padrão Vigia de Velocidade com anteparo de 2 Aletas (30 a 60 rpm)",1,"VOTORANTIM","-","VCM-0828 IT 02 + VCM-0830","Código de Compra VC: 491550","COMPRAR CONFORME MODELO VOTORANTIM INFORMADO NA COLUNA FOLHA DE DADOS",,1
"=A14+1","Z2J10TSH","571BE01.TS1"," ELEVADOR DE CANECAS - Z2J10","TEMPERATURA ÓLEO ACOPLAMENTO ELEVADOR Z2J10","SENSOR TEMPERATURA","120Vca","-","-","Schneider","XCMD2102L1",1,"SINOMA","Z2RM5","-","-","-",,1
"=A15+1","Z2J10XT1","-"," ELEVADOR DE CANECAS - Z2J10","VIBRAÇÃO DO MANCAL DO MOTOR","TRANSMISSOR DE VIBRAÇÃO","4-20 mA","0 mm/s","25 mm/s","IFM","VTV122",1,"VOTORANTIM","Z2RM5","-","ED-I-Z2000-106","-",,1
"=A16+1","Z2J10XT2","-"," ELEVADOR DE CANECAS - Z2J10","VIBRAÇÃO DO MANCAL DO REDUTOR","TRANSMISSOR DE VIBRAÇÃO","4-20 mA","0 mm/s","25 mm/s","IFM","VTV122",1,"VOTORANTIM","Z2RM5","-","ED-I-Z2000-106","-",,1
"=A17+1","Z2J10ZSH1","571BE01.XS1"," ELEVADOR DE CANECAS - Z2J10","ESTICAMENTO NO PÉ ","SENSOR INDUTIVO DE PROXIMIDADE","120Vca","-","-","Schneider","XS630B1MAL2",1,"SINOMA","Z2RM5","-","-","-",,5
"=A18+1","Z2J10ZSH2","571BE01.XS1"," ELEVADOR DE CANECAS - Z2J10","ESTICAMENTO NO TOPO","SENSOR INDUTIVO DE PROXIMIDADE","120Vca","-","-","Schneider","XS630B1MAL2",1,"SINOMA","Z2RM5","-","-","-",,5
"=A19+1","Z2J10M1TE1","571BE01.M1.TS1","TEMPERATURA FASE R - Z2J10","Motor Winding Temperature",,"PT100",,,"SIEMENS","PENDENTE SINOMA",1,"SINOMA","Z2RM5","-","-","-",,5
"=A20+1","Z2J10M1TE2","571BE01.M1.TS2","TEMPERATURA FASE S - Z2J10","Motor Winding Temperature",,"PT100",,,"SIEMENS","PENDENTE SINOMA",1,"SINOMA","Z2RM5","-","-","-",,5
"=A21+1","Z2J10M1TE3","571BE01.M1.TS3","TEMPERATURA FASE T- Z2J10","Motor Winding Temperature",,"PT100",,,"SIEMENS","PENDENTE SINOMA",1,"SINOMA","Z2RM5","-","-","-",,5
"=A22+1","Z2J11LSH","-","REGUEIRA DE SAÍDA DO ELEVADOR DE CANECAS - Z2J11","NÍVEL ALTO","CHAVE DE NÍVEL","120Vca","150mm","300mm","VEGA","VEGAVIB63",1,"VOTORANTIM","Z2RM7","-","ED-I-Z2000-107","-",,1
"=A23+1","Z2J16ZSH","-","VÁLVULA DUPLO FLAP - Z2J16","ABERTO SUPERIOR","SENSOR INDUTIVO DE PROXIMIDADE","120Vca","-","-","TELEMECANIQUE","XS1M30MB250",1,"VOTORANTIM","Z2RM7","-","ED-I-Z2000-103","-",,1
"=A24+1","Z2J16ZSL","-","VÁLVULA DUPLO FLAP - Z2J16","ABERTO INFERIOR","SENSOR INDUTIVO DE PROXIMIDADE","120Vca","-","-","TELEMECANIQUE","XS1M30MB250",1,"VOTORANTIM","Z2RM7","-","ED-I-Z2000-103","-",,1
"=A25+1","Z2J18LSH","571BE02.LS1","ELEVADOR DE CANECAS - Z2J18","NÍVEL ALTO","CHAVE DE NÍVEL","120Vca","-","-","E+H","FTE20-AA11AA31",1,"SINOMA","Z2RM7","-","-","-",,1
"=A26+1","Z2J18M1TSH","571BE02.TS1","ELEVADOR DE CANECAS - Z2J18","TEMPERATURA ÓLEO ACOPLAMENTO ELEVADOR Z2J18","SENSOR TEMPERATURA","120Vca","-","-","Schneider","XCMD2102L1",1,"SINOMA","Z2RM7","-","-","-",,1
"=A27+1","Z2J18M2SE","571BE02.M2.SS1","ELEVADOR DE CANECAS - Z2J18","SENSOR DO MOTOR AUXILIAR 
VIGIA DE VELOCIDADE","SENSOR INDUTIVO NAMUR","120Vca","-","-","IFM","IG5497+ECV004
DD0203",1,"SINOMA","Z2RM7","-","-","-",,1
"=A28+1","Z2J18SE1","571BE02.SS1","ELEVADOR DE CANECAS - Z2J18","SENSOR 1 - PÉ DO ELEVADOR
VIGIA DE VELOCIDADE","SENSOR INDUTIVO DE PROXIMIDADE","120Vca","-","-","Schneider"," XSAV11801",1,"SINOMA","Z2RM7","-","-","-",,1
"=A29+1","Z2J18SE1CX","-","ELEVADOR DE CANECAS - Z2J18","CAIXA DE PROTEÇÃO PARA VIGIA DE VELOCIDADE","-","-","-","-","-","CX. Padrão Vigia de Velocidade com anteparo de 2 Aletas (30 a 60 rpm)",1,"VOTORANTIM","-","VCM-0828 IT 02 + VCM-0830","Código de Compra VC: 491550","COMPRAR CONFORME MODELO VOTORANTIM INFORMADO NA COLUNA FOLHA DE DADOS",,1
"=A30+1","Z2J18SE2","-","ELEVADOR DE CANECAS - Z2J18","SENSOR 2 - PÉ DO ELEVADOR
VIGIA DE VELOCIDADE","SENSOR INDUTIVO DE PROXIMIDADE","120Vca","-","-","TELEMECANIQUE","XS1M30MB250",1,"VOTORANTIM","Z2RM7","-","ED-I-Z2000-103","-",,1
"=A31+1","Z2J18SE2CX","-","ELEVADOR DE CANECAS - Z2J18","CAIXA DE PROTEÇÃO PARA VIGIA DE VELOCIDADE","-","-","-","-","-","CX. Padrão Vigia de Velocidade com anteparo de 2 Aletas (30 a 60 rpm)",1,"VOTORANTIM","-","VCM-0828 IT 02 + VCM-0830","Código de Compra VC: 491550","COMPRAR CONFORME MODELO VOTORANTIM INFORMADO NA COLUNA FOLHA DE DADOS",,1
"=A32+1","Z2J18SE3","-","ELEVADOR DE CANECAS - Z2J18","SENSOR - TOPO DO ELEVADOR
VIGIA DE VELOCIDADE","SENSOR INDUTIVO DE PROXIMIDADE","120Vca","-","-","TELEMECANIQUE","XS1M30MB250",1,"VOTORANTIM","Z2RM7","-","ED-I-Z2000-103","-",,1
"=A33+1","Z2J18SE3CX","-","ELEVADOR DE CANECAS - Z2J18","CAIXA DE PROTEÇÃO PARA VIGIA DE VELOCIDADE","-","-","-","-","-","CX. Padrão Vigia de Velocidade com anteparo de 2 Aletas (30 a 60 rpm)",1,"VOTORANTIM","-","VCM-0828 IT 02 + VCM-0830","Código de Compra VC: 491550","COMPRAR CONFORME MODELO VOTORANTIM INFORMADO NA COLUNA FOLHA DE DADOS",,1
"=A34+1","Z2J18XT1","-","ELEVADOR DE CANECAS - Z2J18","VIBRAÇÃO DO MANCAL DO MOTOR","TRANSMISSOR DE VIBRAÇÃO","4-20 mA","0 mm/s","25 mm/s","IFM","VTV122",1,"VOTORANTIM","Z2RM7","-","ED-I-Z2000-106","-",,1
"=A35+1","Z2J18XT2","-","ELEVADOR DE CANECAS - Z2J18","VIBRAÇÃO DO MANCAL DO REDUTOR","TRANSMISSOR DE VIBRAÇÃO","4-20 mA","0 mm/s","25 mm/s","IFM","VTV122",1,"VOTORANTIM","Z2RM7","-","ED-I-Z2000-106","-",,1
"=A36+1","Z2J18ZSH1","571BE02.XS1","ELEVADOR DE CANECAS - Z2J18","ESTICAMENTO NO PÉ","SENSOR INDUTIVO DE PROXIMIDADE","120Vca","-","-","Schneider","XS630B1MAL2",1,"SINOMA","Z2RM7","-","-","-",,5
"=A37+1","Z2J18ZSH2","571BE02.XS1","ELEVADOR DE CANECAS - Z2J18","ESTICAMENTO NO TOPO","SENSOR INDUTIVO DE PROXIMIDADE","120Vca","-","-","Schneider","XS630B1MAL2",1,"SINOMA","Z2RM7","-","-","-",,5
"=A38+1","Z2J19LSH","-","REGUEIRA DE SAÍDA DA VÁLVULA SEPARADOR - Z2J19","NÍVEL ALTO","CHAVE DE NÍVEL","120Vca","150mm","300mm","VEGA","VEGAVIB63",1,"VOTORANTIM","Z2RM7","-","ED-I-Z2000-107",,,1
"=A39+1","Z2J33SE","571RF03.SS1","VÁLVULA ROTATIVA - Z2J33","VIGIA DE VELOCIDADE","SENSOR INDUTIVO DE PROXIMIDADE","120Vca","-","-","Schneider","XSAV11801",1,"SINOMA","Z2RM3","-","-","-",,1
"=A40+1","Z2J33SECX","-","VÁLVULA ROTATIVA - Z2J33","CAIXA DE PROTEÇÃO PARA VIGIA DE VELOCIDADE","-","-","-","-","-","CX. Padrão Vigia de Velocidade com anteparo de 2 Aletas (30 a 60 rpm)",1,"VOTORANTIM","-","VCM-0828 IT 02 + VCM-0830","Código de Compra VC: 491550","COMPRAR CONFORME MODELO VOTORANTIM INFORMADO NA COLUNA FOLHA DE DADOS",,1
"=A41+1","Z2J34SE","571SC01.SS1","ROSCA TRANSPORTADORA - Z2J34","VIGIA DE VELOCIDADE","SENSOR INDUTIVO DE PROXIMIDADE","120Vca","-","-","Schneider","XSAV11801",1,"SINOMA","Z2RM3","-","-","-",,1
"=A42+1","Z2J34SECX","-","ROSCA TRANSPORTADORA - Z2J34","CAIXA DE PROTEÇÃO PARA VIGIA DE VELOCIDADE","-","-","-","-","-","CX. Padrão Vigia de Velocidade com anteparo de 2 Aletas (30 a 60 rpm)",1,"VOTORANTIM","-","VCM-0828 IT 02 + VCM-0830","Código de Compra VC: 491550","COMPRAR CONFORME MODELO VOTORANTIM INFORMADO NA COLUNA FOLHA DE DADOS",,1
"=A43+1","Z2K01FT1","571WS01.FZ1","SISTEMA DE INJEÇÃO DE ÁGUA 
PARA MOINHO - Z2K01","VAZÃO DE ÁGUA DO SISTEMA DE INJEÇÃO DE ÁGUA PARA MOINHO","TRANSMISSOR DE VAZÃO ","4-20 mA","0 m3/h","15 m3/h","SIEMENS","SITRANS FM MAG 5100 W",1,"SINOMA","Z2RM2","-","-","-",,1
"=A44+1","Z2K01FT2","571WS01.FZ2","SISTEMA DE INJEÇÃO DE ÁGUA 
PARA MOINHO - Z2K01","VAZÃO DE ÁGUA DO SISTEMA DE INJEÇÃO DE ÁGUA PARA MOINHO","TRANSMISSOR DE VAZÃO ","4-20 mA","0 m3/h","15 m3/h","SIEMENS","SITRANS FM MAG 5000",1,"SINOMA","Z2RM2","-","-","-",,1
"=A45+1","Z2K01LSH","571WS01.LS1","SISTEMA DE INJEÇÃO DE ÁGUA 
PARA MOINHO - Z2K01","NÍVEL ALTO DO TANQUE DE ÁGUA","CHAVE DE NÍVEL 
TIPO BOIA","120Vca","-","-","SUPMEA","P260-B",1,"SINOMA","Z2RM2","-","-","Um sensor, três posições",,1
"=A46+1","Z2K01LSL","571WS01.LS2","SISTEMA DE INJEÇÃO DE ÁGUA 
PARA MOINHO - Z2K01","NÍVEL BAIXO DO TANQUE DE ÁGUA","CHAVE DE NÍVEL 
TIPO BOIA","120Vca","-","-",,,,,,,,,,
"=A47+1","Z2K01LSLL","571WS01.LS3","SISTEMA DE INJEÇÃO DE ÁGUA 
PARA MOINHO - Z2K01","NÍVEL MUITO BAIXO DO TANQUE DE ÁGUA","CHAVE DE NÍVEL 
TIPO BOIA","120Vca","-","-",,,,,,,,,,
"=A48+1","Z2K01PSL","-","SISTEMA DE INJEÇÃO DE ÁGUA 
PARA MOINHO - Z2K01","PRESSÃO BAIXA LINHA DE AR","PRESSOSTATO","120Vca","-","-","TELEMECANIQUE","XMLB010A2S11",1,"VOTORANTIM","Z2RM2","-","ED-I-Z2000-122","-",,1
"=A49+1","Z2K01PT1","-","SISTEMA DE INJEÇÃO DE ÁGUA 
PARA MOINHO - Z2K01","PRESSÃO DE ÁGUA DO SISTEMA DE INJEÇÃO DE ÁGUA PARA MOINHO","TRANSMISSOR DE PRESSÃO ","4-20 mA","0 bar","2,5 bar","SIEMENS","7MF0350-1G01-5BFO-Z",1,"SINOMA","Z2RM2","-","-","-",,1
"=A50+1","Z2K01PT2","-","SISTEMA DE INJEÇÃO DE ÁGUA 
PARA MOINHO - Z2K01","PRESSÃO DE ÁGUA DO SISTEMA DE INJEÇÃO DE ÁGUA PARA MOINHO","TRANSMISSOR DE PRESSÃO ","4-20 mA","0 bar","2,5 bar","SIEMENS","7MF0350-1G01-5BFO-Z",1,"SINOMA","Z2RM2","-","-","-",,1
"=A51+1","Z2K01PT3","-","SISTEMA DE INJEÇÃO DE ÁGUA 
PARA MOINHO - Z2K01","PRESSÃO DE ÁGUA DO SISTEMA DE INJEÇÃO DE ÁGUA PARA MOINHO","TRANSMISSOR DE PRESSÃO ","4-20 mA","0 bar","2,5 bar","SIEMENS","7MF0350-1G01-5BFO-Z",1,"SINOMA","Z2RM2","-","-","-",,1
"=A52+1","Z2K01XV","-","SISTEMA DE INJEÇÃO DE ÁGUA 
PARA MOINHO - Z2K01","COMANDO ABRE / FECHA","VÁLVULA SOLENOIDE","120Vca","-","-","RUNFLOW","BV21DP02F3P21
solenoid valve：ASCO SCG551A001MS",1,"SINOMA","Z2RM2","-","-","-",,1
"=A53+1","Z2K01ZSH","-","SISTEMA DE INJEÇÃO DE ÁGUA 
PARA MOINHO - Z2K01","POSIÇÃO ABERTA","SENSOR INDUTIVO DE PROXIMIDADE","120Vca","-","-","RUNFLOW","Com a válvula
BOX:ALS-200M2",,,,"-","-","-",,1
"=A54+1","Z2K01ZSL","-","SISTEMA DE INJEÇÃO DE ÁGUA 
PARA MOINHO - Z2K01","POSIÇÃO FECHADA","SENSOR INDUTIVO DE PROXIMIDADE","120Vca","-","-",,,,,,"-","-","-",,1
"=A55+1","Z2K04SP","-","SISTEMA DE INJEÇÃO DE ÁGUA 
PARA MOINHO - Z2K01","VÁLVULA DE CONTROLE PNEUMÁTICO","SETPOINT","4-20 mA",0%,100%,"RUNFLOW","CVBVSF2S22-DN20",1,"SINOMA","Z2RM2","-","-","-",,1
"=A56+1","Z2K04ZT","-","SISTEMA DE INJEÇÃO DE ÁGUA 
PARA MOINHO - Z2K01","VÁLVULA DE CONTROLE PNEUMÁTICO","POSIÇÃO","4-20 mA",0%,100%,,,,,,"-","-","-",,1
"=A57+1","Z2K05SP","-","SISTEMA DE INJEÇÃO DE ÁGUA 
PARA MOINHO - Z2K01","VÁLVULA DE CONTROLE PNEUMÁTICO","SETPOINT","4-20 mA",0%,100%,"RUNFLOW","CVBVSF2S22-DN25",1,"SINOMA","Z2RM2","-","-","-",,1
"=A58+1","Z2K05ZT","-","SISTEMA DE INJEÇÃO DE ÁGUA 
PARA MOINHO - Z2K01","VÁLVULA DE CONTROLE PNEUMÁTICO","POSIÇÃO","4-20 mA",0%,100%,,,,,,"-","-","-",,1
"=A59+1","Z2K06LSL","-","TORRE ALPINA - Z2K06","NÍVEL BAIXO DE ÁGUA","CHAVE DE NÍVEL 
TIPO BOIA","120Vca","-","-","KOBOLD","NKP-2401",1,"VOTORANTIM","Z2RM2","-","ED-I-Z2000-109","-",,1
"=A60+1","Z2K10LT","-","TANQUE DE ADITIVOS - Z2K10","NÍVEL DO TANQUE","TRANSMISSOR DE NÍVEL
TIPO RADAR","4-20 mA","-","-","VEGA","VEGAPULS 31",1,"VOTORANTIM","Z2RM2","-","ED-I-Z2000-123","-",,1
"=A61+1","Z2K11LT","-","TANQUE DE ADITIVOS - Z2K11","NÍVEL DO TANQUE","TRANSMISSOR DE NÍVEL
TIPO RADAR","4-20 mA","-","-","VEGA","VEGAPULS 31",1,"VOTORANTIM","Z2RM2","-","ED-I-Z2000-123","-",,1
"=A62+1","Z2M01LSH","-","MOINHO DE BOLAS - Z2M01","NÍVEL DE SAÍDA DO MOINHO","CHAVE DE NÍVEL","120Vca","-","-","VEGA","VEGAVIB63",1,"VOTORANTIM","Z2RM5","-","ED-I-Z2000-107","-",,1
"=A63+1","Z2M01LT1.1","571BM01.XZ1","MOINHO DE BOLAS - Z2M01","NÍVEL DE ENCHIMENTO DE ENTRADA DO MOINHO","TRANSMISSOR DE VIBRAÇÃO","4-20 mA",0%,100%,"DENSYX","MillScan G4",1,"SINOMA","Z2RM5","-","-","-",,1
"=A64+1","Z2M01LT1.2","571BM01.XZ1","MOINHO DE BOLAS - Z2M01","NÍVEL DE ENCHIMENTO DE SAÍDA DO MOINHO","TRANSMISSOR DE VIBRAÇÃO","4-20 mA",0%,100%,"DENSYX","MillScan G4",1,"SINOMA","Z2RM5","-","-","-",,1
"=A65+1","Z2M01LT1Q1","571BM01.XZ1","MOINHO DE BOLAS - Z2M01","NÍVEL DE ENCHIMENTO DO MOINHO","VIBRAÇÃO","4-20 mA",0%,100%,"DENSYX","MillScan G4",1,"SINOMA","Z2RM5","-","-","-",,1
"=A66+1","Z2M01PT1","571BM01.PZ1","MOINHO DE BOLAS - Z2M01","PRESSÃO DE ENTRADA DO MOINHO","TRANSMISSOR DE PRESSÃO","4-20 mA","-0,03 bar","0 bar","SIEMENS","7MF0300-1JE01-5AF2",1,"SINOMA","Z2RM2","-","-","-",,1
"=A67+1","Z2M01PT2","571BM01.PZ2","MOINHO DE BOLAS - Z2M01","PRESSÃO DE SAÍDA DO MOINHO","TRANSMISSOR DE PRESSÃO","4-20 mA","-0,03 bar","0 bar","SIEMENS","7MF0300-1JE01-5AF2",1,"SINOMA","Z2RM5","-","-","-",,1
"=A68+1","Z2M01TE1","571BM01.TEH","MOINHO DE BOLAS - Z2M01","TEMPERATURA DE SAÍDA","PT-100","RESISTÊNCIA","0°C","400°C","SIEMENS","7MC5516-1LA34-0BA2",1,"SINOMA","Z2RM2","-","-","-",,1
"=A69+1","Z2M01TE2","571BM01.TEJ","MOINHO DE BOLAS - Z2M01","TEMPERATURA DE TIRAGEM","PT-100","RESISTÊNCIA","0°C","400°C","SIEMENS","7MC5516-1LA34-0BA2",1,"SINOMA","Z2RM5","-","-","-",,1
"=A70+1","Z2M01TE3","-","MOINHO DE BOLAS - Z2M01","TEMPERATURA TABIQUE DO MOINHO","SENSOR PT-100 / EMISSOR (WIRELESS HART)","RESISTÊNCIA","-","-","EMERSON","648DX1D1I1WA3WK1B5M5Q4 + 
214C RT SM A1 S3 M 0300 CC",1,"VOTORANTIM","Z2RM2","-","ED-I-Z2000-114","-",,1
"=A71+1","Z2M01TT3","-","MOINHO DE BOLAS - Z2M01","TEMPERATURA TABIQUE DO MOINHO","RECEPTOR / TRANSMISSOR TEMPERATURA ","-","0°C","150°C","EMERSON","1410S1NA31ND6NA + 781SA1PNANA5WP3",1,"VOTORANTIM","Z2RM2","-","ED-I-Z2000-114","-",,1
"=A72+1","Z2M01TE4","571BM01.TEI","MOINHO DE BOLAS - Z2M01","TEMPERATURA DE ENTRADA","PT-100","RESISTÊNCIA","0°C","400°C","SIEMENS","7MC5516-1LA34-0BA2",1,"SINOMA","Z2RM5","-","-","-",,1
"=A73+1","Z2SKFQ2","-","REDUTOR DO MOINHO - Z2M02","SISTEMA SKF","PAINEL DO SISTEMA SKF","4-20 mA","-","-","SKF","2 x IMX-8",16,"VOTORANTIM","Z2CLP1","-","-","SINAIS COLETADOS VIA REDE
- 2 UNIDADES TRANSMISSOR DE VIBRAÇÃO EIXO DE ENTRADA AXIAL
- 6 UNIDADES TRANSMISSOR DE VIBRAÇÃO EIXO DE INTERMEDIÁRIOS RADIAL
- 2 UNIDADES TRANSMISSOR DE VIBRAÇÃO EIXO SUPERIOR AXIAL
- 2 UNIDADES TRANSMISSOR DE VIBRAÇÃO EIXO SUPERIOR RADIAL
- 2 UNIDADES TRANSMISSOR DE VIBRAÇÃO EIXO INFERIOR AXIAL
- 2 UNIDADES TRANSMISSOR DE VIBRAÇÃO EIXO INFERIOR RADIAL",,1
"=A74+1","Z2M02TE1","571AD01.TE1","REDUTOR DO MOINHO - Z2M02","TEMPERATURA DO REDUTOR - 1","PT-100","RESISTÊNCIA","0°C","150°C","Nanjing Hengrun","WZP-MK-2-B6-0110-IP65-C4H",1,"SINOMA","Z2RM4","-","-","-",,1
"=A75+1","Z2M02TE2","571AD01.TE2","REDUTOR DO MOINHO - Z2M02","TEMPERATURA DO REDUTOR - 2","PT-100","RESISTÊNCIA","0°C","150°C","Nanjing Hengrun","WZP-MK-2-B6-0110-IP65-C4H",1,"SINOMA","Z2RM4","-","-","-",,1
"=A76+1","Z2M02TE3","571AD01.TE3","REDUTOR DO MOINHO - Z2M02","TEMPERATURA DO REDUTOR - 3","PT-100","RESISTÊNCIA","0°C","150°C","Nanjing Hengrun","WZP-MK-2-B6-0110-IP65-C4H",1,"SINOMA","Z2RM4","-","-","-",,1
"=A77+1","Z2M02TE4","571AD01.TE4","REDUTOR DO MOINHO - Z2M02","TEMPERATURA DO REDUTOR - 4","PT-100","RESISTÊNCIA","0°C","150°C","Nanjing Hengrun","WZP-MK-2-B6-0110-IP65-C4H",1,"SINOMA","Z2RM4","-","-","-",,1
"=A78+1","Z2M02TE5","571AD01.TE5","REDUTOR DO MOINHO - Z2M02","TEMPERATURA DO REDUTOR - 5","PT-100","RESISTÊNCIA","0°C","150°C","Nanjing Hengrun","WZP-MK-2-B6-0110-IP65-C4H",1,"SINOMA","Z2RM4","-","-","-",,1
"=A79+1","Z2M02TE6","571AD01.TE6","REDUTOR DO MOINHO - Z2M02","TEMPERATURA DO REDUTOR - 6","PT-100","RESISTÊNCIA","0°C","150°C","Nanjing Hengrun","WZP-MK-2-B6-0110-IP65-C4H",1,"SINOMA","Z2RM4","-","-","-",,1
"=A80+1","Z2M02TE7","571AD01.TE7","REDUTOR DO MOINHO - Z2M02","TEMPERATURA DO REDUTOR - 7","PT-100","RESISTÊNCIA","0°C","150°C","Nanjing Hengrun","WZP-MK-2-B6-0110-IP65-C4H",1,"SINOMA","Z2RM4","-","-","-",,1
"=A81+1","Z2M02TE8","571AD01.TE8","REDUTOR DO MOINHO - Z2M02","TEMPERATURA DO REDUTOR - 8","PT-100","RESISTÊNCIA","0°C","150°C","Nanjing Hengrun","WZP-MK-2-B6-0110-IP65-C4H",1,"SINOMA","Z2RM4","-","-","-",,1
"=A82+1","Z2M02TE9","-","REDUTOR DO MOINHO - Z2M02","TEMPERATURA 1 DO EIXO SUPERIOR","PT-100","RESISTÊNCIA","0°C","150°C","PENDENTE SINOMA","PENDENTE SINOMA",1,"SINOMA","Z10RM4","-","-","-",,4
"=A83+1","Z2M02TE10","-","REDUTOR DO MOINHO - Z2M02","TEMPERATURA 2 DO EIXO SUPERIOR","PT-100","RESISTÊNCIA","0°C","150°C","PENDENTE SINOMA","PENDENTE SINOMA",1,"SINOMA","Z10RM4","-","-","-",,4
"=A84+1","Z2M02TE11","-","REDUTOR DO MOINHO - Z2M02","TEMPERATURA 3 DO EIXO SUPERIOR","PT-100","RESISTÊNCIA","0°C","150°C","PENDENTE SINOMA","PENDENTE SINOMA",1,"SINOMA","Z10RM4","-","-","-",,4
"=A85+1","Z2M02TE12","-","REDUTOR DO MOINHO - Z2M02","TEMPERATURA 4 DO EIXO SUPERIOR","PT-100","RESISTÊNCIA","0°C","150°C","PENDENTE SINOMA","PENDENTE SINOMA",1,"SINOMA","Z10RM4","-","-","-",,4
"=A86+1","Z2M02TE13","-","REDUTOR DO MOINHO - Z2M02","TEMPERATURA 1 DO EIXO INFERIOR","PT-100","RESISTÊNCIA","0°C","150°C","PENDENTE SINOMA","PENDENTE SINOMA",1,"SINOMA","Z10RM4","-","-","-",,4
"=A87+1","Z2M02TE14","-","REDUTOR DO MOINHO - Z2M02","TEMPERATURA 2 DO EIXO INFERIOR","PT-100","RESISTÊNCIA","0°C","150°C","PENDENTE SINOMA","PENDENTE SINOMA",1,"SINOMA","Z10RM4","-","-","-",,4
"=A88+1","Z2M02TE15","-","REDUTOR DO MOINHO - Z2M02","TEMPERATURA 3 DO EIXO INFERIOR","PT-100","RESISTÊNCIA","0°C","150°C","PENDENTE SINOMA","PENDENTE SINOMA",1,"SINOMA","Z10RM4","-","-","-",,4
"=A89+1","Z2M02TE16","-","REDUTOR DO MOINHO - Z2M02","TEMPERATURA 4 DO EIXO INFERIOR","PT-100","RESISTÊNCIA","0°C","150°C","PENDENTE SINOMA","PENDENTE SINOMA",1,"SINOMA","Z10RM4","-","-","-",,4
"=A90+1","Z2M02XT17","571AD01.VZ1","REDUTOR DO MOINHO - Z2M02","VIBRAÇÃO SUPERIOR","TRANSMISSOR DE VIBRAÇÃO","4-20 mA","0 mm/s","10 mm/s","IFM","VTV122",1,"SINOMA","Z2RM4","-","-","-",,5
"=A91+1","Z2M02XT18","-","REDUTOR DO MOINHO - Z2M02","VIBRAÇÃO LATERAL","TRANSMISSOR DE VIBRAÇÃO","4-20 mA","0 mm/s","10 mm/s","IFM","VTV122",1,"VOTORANTIM","Z2RM4","-","ED-I-Z2000-106","-",,5
"=A92+1","Z2M02ZT","-","REDUTOR DO MOINHO - Z2M02","DELOCAMENTO AXIAL","TRANSMISSOR DE POSIÇÃO","4-20 mA","-","-","IFM","IG6083",1,"VOTORANTIM","Z2RM4","-","ED-I-Z2000-115","-",,1
"=A93+1","Z2SKFQ1","-","MOTOR PRINCIPAL DO MOINHO - Z2M03","SISTEMA SKF","PAINEL DO SISTEMA SKF","4-20 mA","-","-","SKF","IMX-8",2,"VOTORANTIM","Z2CLP1","-","-","SINAIS COLETADOS VIA REDE
- 1 UNIDADE TRANSMISSOR DE VIBRAÇÃO LA
- 1 UNIDADE TRANSMISSOR DE VIBRAÇÃO LOA",,1
"=A94+1","Z2M03M1TE1","571BM01.TE9 / A","MOTOR PRINCIPAL DO MOINHO - Z2M03","TEMPERATURA FASE R","PT-100","RESISTÊNCIA","0°C","200°C","PENDENTE SINOMA","PENDENTE SINOMA",2,"SINOMA","Z2RM4","-","-","-",,1
"=A95+1","Z2M03M1TE2","571BM01.TEB / C","MOTOR PRINCIPAL DO MOINHO - Z2M03","TEMPERATURA FASE S","PT-100","RESISTÊNCIA","0°C","200°C","PENDENTE SINOMA","PENDENTE SINOMA",2,"SINOMA","Z2RM4","-","-","-",,1
"=A96+1","Z2M03M1TE3","571BM01.TED / E","MOTOR PRINCIPAL DO MOINHO - Z2M03","TEMPERATURA FASE T","PT-100","RESISTÊNCIA","0°C","200°C","PENDENTE SINOMA","PENDENTE SINOMA",2,"SINOMA","Z2RM4","-","-","-",,1
"=A97+1","Z2M03M1TE4","571BM01.TEF","MOTOR PRINCIPAL DO MOINHO - Z2M03","TEMPERATURA LADO DO ACOPLAMENTO","PT-100","RESISTÊNCIA","0°C","200°C","PENDENTE SINOMA","PENDENTE SINOMA",1,"SINOMA","Z2RM4","-","-","-",,1
"=A98+1","Z2M03M1TE5","571BM01.TEG","MOTOR PRINCIPAL DO MOINHO - Z2M03","TEMPERATURA LADO OPOSTO ACOPLAMENTO","PT-100","RESISTÊNCIA","0°C","200°C","PENDENTE SINOMA","PENDENTE SINOMA",1,"SINOMA","Z2RM4","-","-","-",,1
"=A99+1","Z2M03M1XT3","571BM01.VZ1","MOTOR PRINCIPAL DO MOINHO - Z2M03","VIBRAÇÃO DO MANCAL DO MOTOR - LADO OPOSTO ACOPLAMENTO","TRANSMISSOR DE VIBRAÇÃO","4-20 mA","0 mm/s","10 mm/s","IFM","VTV122",1,"SINOMA","Z2RM4","-","-","-",,1
"=A100+1","Z2M03M1XT4","571BM01.VZ2","MOTOR PRINCIPAL DO MOINHO - Z2M03","VIBRAÇÃO DO MANCAL DO MOTOR - LADO DO ACOPLAMENTO","TRANSMISSOR DE VIBRAÇÃO","4-20 mA","0 mm/s","10 mm/s","IFM","VTV122",1,"SINOMA","Z2RM4","-","-","-",,1
"=A101+1","Z2M03M2ZS1","571BL01.ZS1","ESCOVA DE ELEVAÇÃO DO MOTOR
 PRINCIPAL DO MOINHO - Z2M03Q2","-","FIM DE CURSO","120Vca","-","-","-","-",1,"SINOMA","Z2RM4","-","-","-",,1
"=A102+1","Z2M03M2ZS2","571BL01.ZS2","ESCOVA DE ELEVAÇÃO DO MOTOR
 PRINCIPAL DO MOINHO - Z2M03Q2","-","FIM DE CURSO","120Vca","-","-","-","-",1,"SINOMA","Z2RM4","-","-","-",,1
"=A103+1","Z2M03M2ZS3","571BL01.ZS3","ESCOVA DE ELEVAÇÃO DO MOTOR
 PRINCIPAL DO MOINHO - Z2M03Q2","-","FIM DE CURSO","120Vca","-","-","-","-",1,"SINOMA","Z2RM4","-","-","-",,1
"=A104+1","Z2M03M2ZS4","571BL01.ZS4","ESCOVA DE ELEVAÇÃO DO MOTOR
 PRINCIPAL DO MOINHO - Z2M03Q2","-","FIM DE CURSO","120Vca","-","-","-","-",1,"SINOMA","Z2RM4","-","-","-",,1
"=A105+1","Z2M03M2ZS5","571BL01.ZS5","ESCOVA DE ELEVAÇÃO DO MOTOR
 PRINCIPAL DO MOINHO - Z2M03Q2","-","FIM DE CURSO","120Vca","-","-","-","-",1,"SINOMA","Z2RM4","-","-","-",,1
"=A106+1","Z2M03M2ZS6","571BL01.ZS6","ESCOVA DE ELEVAÇÃO DO MOTOR
 PRINCIPAL DO MOINHO - Z2M03Q2","-","FIM DE CURSO","120Vca","-","-","-","-",1,"SINOMA","Z2RM4","-","-","-",,1
"=A107+1","Z2M03M2ZS7","571BL01.ZS7","ESCOVA DE ELEVAÇÃO DO MOTOR
 PRINCIPAL DO MOINHO - Z2M03Q2","-","FIM DE CURSO","120Vca","-","-","-","-",1,"SINOMA","Z2RM4","-","-","-",,1
"=A108+1","Z2M03M2ZS8","571BL01.ZS8","ESCOVA DE ELEVAÇÃO DO MOTOR
 PRINCIPAL DO MOINHO - Z2M03Q2","-","FIM DE CURSO","120Vca","-","-","-","-",1,"SINOMA","Z2RM4","-","-","-",,1
"=A109+1","Z2M03Q1LSH","-","REOSTATO LÍQUIDO DO MOTOR
 PRINCIPAL DO MOINHO - Z2M03Q1","NÍVEL ALTO DO TANQUE","CHAVE DE NÍVEL 
TIPO BOIA","120Vca","-","-","FAST","FAST-150LP-2A2+2A1",1,"SINOMA","Z2RM4","-","-","SINAIS COLETADOS VIA REDE
Um sensor, duas posições",,1
"=A110+1","Z2M03Q1LSL","-","REOSTATO LÍQUIDO DO MOTOR
 PRINCIPAL DO MOINHO - Z2M03Q1","NÍVEL BAIXO DO TANQUE","CHAVE DE NÍVEL 
TIPO BOIA","120Vca","-","-",,,,,,,,,,
"=A111+1","Z2M03Q1TE","-","REOSTATO LÍQUIDO DO MOTOR
 PRINCIPAL DO MOINHO - Z2M03Q1","TEMPERATURA DO TANQUE","PT-100","RESISTÊNCIA","-","-","F&B","Pt100 L=250",1,"SINOMA","Z2RM4","-","-","SINAIS COLETADOS VIA REDE",,1
"=A112+1","Z2M04M1TSH","571BM01AD01.TS1~3","MOTOR AUXILIAR GIRO LENTO - Z2M04","TEMPERATURA ALTA DO MOTOR DE GIRO LENTO","TERMOSTATO","120Vca","-","-","Dandong Keliang","WZP",3,"SINOMA","Z2RM4","-","-","-",,1
"=A113+1","Z2M04M1ZS","571BM01AD01.ZS1","MOTOR AUXILIAR GIRO LENTO - Z2M04","FREIO ABERTO GIRO LENTO","FIM DE CURSO","120Vca","-","-","Schneider","XS618B1MAL2  ",1,"SINOMA","Z2RM4","-","-","-",,1
"=A114+1","Z2M04M1ZSH","-","MOTOR AUXILIAR GIRO LENTO - Z2M04","ROTAÇÃO LENTA ACOPLADA","SENSOR INDUTIVO DE PROXIMIDADE","120Vca","-","-","TELEMECANIQUE","XS1M30MB250",1,"VOTORANTIM","Z2RM4","-","ED-I-Z2000-103","-",,1
"=A115+1","Z2M04M1ZSL","-","MOTOR AUXILIAR GIRO LENTO - Z2M04","GIRO LENTO DESACOPLADO","SENSOR INDUTIVO DE PROXIMIDADE","120Vca","-","-","TELEMECANIQUE","XS1M30MB250",1,"VOTORANTIM","Z2RM4","-","ED-I-Z2000-103","-",,1
"=A116+1","Z2M05FSL","-","UNIDADE DE LUBRIFICAÇÃO 
MANCAL DE ENTRADA DO MOINHO - Z2M05","FLUXO DE ÁGUA 
SISTEMA DE ARREFECIMENTO ","FLUXOSTATO","120Vca","-","-","IFM","SI5006",1,"VOTORANTIM","Z2RM2","-","ED-I-Z2000-113","-",,1
"=A117+1","Z2M05FT1","-","UNIDADE DE LUBRIFICAÇÃO 
MANCAL DE ENTRADA DO MOINHO - Z2M05","VAZÃO 1 DE ÓLEO DA BOMBA DE BAIXA PRESSÃO NO MANCAL DE ENTRADA","TRANSMISSOR DE VAZÃO ","4-20 mA","-","-","IFM","SI0551",1,"VOTORANTIM","Z2RM2","-","ED-I-Z2000-116","-",,1
"=A118+1","Z2M05FT2","-","UNIDADE DE LUBRIFICAÇÃO 
MANCAL DE ENTRADA DO MOINHO - Z2M05","VAZÃO 2 DE ÓLEO DA BOMBA DE BAIXA PRESSÃO NO MANCAL DE ENTRADA","TRANSMISSOR DE VAZÃO ","4-20 mA","-","-","IFM","SI0551",1,"VOTORANTIM","Z2RM2","-","ED-I-Z2000-116","-",,1
"=A119+1","Z2M05LSL","571LQ01.LS1","UNIDADE DE LUBRIFICAÇÃO 
MANCAL DE ENTRADA DO MOINHO - Z2M05","NÍVEL BAIXO DE ÓLEO NO TANQUE","CHAVE DE NÍVEL","120Vca","-","-","KSR","ZNJC03030701",1,"SINOMA","Z2RM2","-","-","Um sensor, duas posições",,1
"=A120+1","Z2M05LSLL","571LQ01.LS1","UNIDADE DE LUBRIFICAÇÃO 
MANCAL DE ENTRADA DO MOINHO - Z2M05","NÍVEL MUITO BAIXO DE ÓLEO NO TANQUE","CHAVE DE NÍVEL","120Vca","-","-",,,,,,,,,,
"=A121+1","Z2M05PDSH","571LQ01.PS1","UNIDADE DE LUBRIFICAÇÃO 
MANCAL DE ENTRADA DO MOINHO - Z2M05","ENTUPIMENTO DO FILTRO DE ÓLEO","PRESSOSTATO DIFERENCIAL","120Vca","-","-","CCS","ZNJC01030101",1,"SINOMA","Z2RM2","-","-","-",,1
"=A122+1","Z2M05PT1","571LQ01.PZ1","UNIDADE DE LUBRIFICAÇÃO 
MANCAL DE ENTRADA DO MOINHO - Z2M05","PRESSÃO DE ÓLEO
LINHA DE BAIXA PRESSÃO","TRANSMISSOR DE PRESSÃO","4-20 mA","0 bar","400 bar","Siemens","7MF1567",1,"SINOMA","Z2RM2","-","-","-",,1
"=A123+1","Z2M05TE1","571LQ01.TE1","UNIDADE DE LUBRIFICAÇÃO 
MANCAL DE ENTRADA DO MOINHO - Z2M05","TEMPERATURA DE ÓLEO
TANQUE DE ÓLEO","PT-100","RESISTÊNCIA","-50°C","150°C","Siemens","7MC5516",1,"SINOMA","Z2RM2","-","-","-",,1
"=A124+1","Z2M05TE2","571LQ01.TE2","UNIDADE DE LUBRIFICAÇÃO 
MANCAL DE ENTRADA DO MOINHO - Z2M05","TEMPERATURA DE ÓLEO
LINHA BAIXA PRESSÃO","PT-100","RESISTÊNCIA","-50°C","150°C","Siemens","7MC5516",1,"SINOMA","Z2RM2","-","-","-",,1
"=A125+1","Z2M05XV","-","UNIDADE DE LUBRIFICAÇÃO 
MANCAL DE ENTRADA DO MOINHO - Z2M05","VÁLVULA ON/OFF
SISTEMA DE ARREFECIMENTO","VÁLVULA SOLENOIDE","120Vca","-","-","Festo","VZWF-B-L-M22C-G34-275-2AP4-6-R1",1,"VOTORANTIM","Z2RM2","-","ED-I-Z2000-111","-",,1
"=A126+1","Z2M05PT2","571LQ01.PZ2","UNIDADE DE LUBRIFICAÇÃO 
MANCAL DE ENTRADA DO MOINHO - Z2M05","PRESSÃO DE ÓLEO
LINHA DE ALTA PRESSÃO","TRANSMISSOR DE PRESSÃO","4-20 mA","0 bar","400 bar","Siemens","7MF1567",1,"SINOMA","Z2RM2","-","-","-",,1
"=A127+1","Z2M05PT3","571LQ01.PZ3","UNIDADE DE LUBRIFICAÇÃO 
MANCAL DE ENTRADA DO MOINHO - Z2M05","PRESSÃO DE ÓLEO
LINHA DE ALTA PRESSÃO","TRANSMISSOR DE PRESSÃO","4-20 mA","0 bar","10 bar","Siemens","7MF1567",1,"SINOMA","Z2RM2","-","-","-",,1
"=A128+1","Z2M10FSL","-","UNIDADE DE LUBRIFICAÇÃO
MANCAL DE SAÍDA DO MOINHO - Z2M10","FLUXO DE ÁGUA 
SISTEMA DE ARREFECIMENTO ","FLUXOSTATO","120Vca","-","-","IFM","SI5006",1,"VOTORANTIM","Z2RM5","-","ED-I-Z2000-113","-",,1
"=A129+1","Z2M10FT1","-","UNIDADE DE LUBRIFICAÇÃO
MANCAL DE SAÍDA DO MOINHO - Z2M10","VAZÃO 1 DE ÓLEO DA BOMBA DE BAIXA PRESSÃO NO MANCAL DE ENTRADA","TRANSMISSOR DE VAZÃO ","4-20 mA","-","-","IFM","SI0551",1,"VOTORANTIM","Z2RM5","-","ED-I-Z2000-116","-",,1
"=A130+1","Z2M10FT2","-","UNIDADE DE LUBRIFICAÇÃO
MANCAL DE SAÍDA DO MOINHO - Z2M10","VAZÃO 2 DE ÓLEO DA BOMBA DE BAIXA PRESSÃO NO MANCAL DE ENTRADA","TRANSMISSOR DE VAZÃO ","4-20 mA","-","-","IFM","SI0551",1,"VOTORANTIM","Z2RM5","-","ED-I-Z2000-116","-",,1
"=A131+1","Z2M10LSL","-","UNIDADE DE LUBRIFICAÇÃO
MANCAL DE SAÍDA DO MOINHO - Z2M10","NÍVEL BAIXO DE ÓLEO NO TANQUE","CHAVE DE NÍVEL","120Vca","-","-","KSR","ZNJC03030701",1,"SINOMA","Z2RM5","-","-","Um sensor, duas posições",,1
"=A132+1","Z2M10LSLL","-","UNIDADE DE LUBRIFICAÇÃO
MANCAL DE SAÍDA DO MOINHO - Z2M10","NÍVEL ALTO DE ÓLEO NO TANQUE","CHAVE DE NÍVEL","120Vca","-","-",,,,,,,,,,
"=A133+1","Z2M10PDSH","571LQ02.PS1","UNIDADE DE LUBRIFICAÇÃO
MANCAL DE SAÍDA DO MOINHO - Z2M10","ENTUPIMENTO DO FILTRO DE ÓLEO","PRESSOSTATO DIFERENCIAL","120Vca","-","-","CCS","ZNJC01030101",1,"SINOMA","Z2RM5","-","-","-",,1
"=A134+1","Z2M10PT1","571LQ02.PZ1","UNIDADE DE LUBRIFICAÇÃO
MANCAL DE SAÍDA DO MOINHO - Z2M10","PRESSÃO DE ÓLEO
LINHA DE BAIXA PRESSÃO","TRANSMISSOR DE PRESSÃO","4-20 mA","0 bar","400 bar","Siemens","7MF1567",1,"SINOMA","Z2RM5","-","-","-",,1
"=A135+1","Z2M10TE1","571LQ02.TE1","UNIDADE DE LUBRIFICAÇÃO
MANCAL DE SAÍDA DO MOINHO - Z2M10","TEMPERATURA DE ÓLEO
TANQUE DE ÓLEO","PT-100","RESISTÊNCIA","0°C","100°C","Siemens","7MC5516",1,"SINOMA","Z2RM5","-","-","-",,1
"=A136+1","Z2M10TE2","571LQ02.TE2","UNIDADE DE LUBRIFICAÇÃO
MANCAL DE SAÍDA DO MOINHO - Z2M10","TEMPERATURA DE ÓLEO
LINHA BAIXA PRESSÃO","PT-100","RESISTÊNCIA","0°C","100°C","Siemens","7MC5516",1,"SINOMA","Z2RM5","-","-","-",,1
"=A137+1","Z2M10XV","-","UNIDADE DE LUBRIFICAÇÃO
MANCAL DE SAÍDA DO MOINHO - Z2M10","VÁLVULA ON/OFF
SISTEMA DE ARREFECIMENTO","VÁLVULA SOLENOIDE","120Vca","-","-","Festo","VZWF-B-L-M22C-G34-275-2AP4-6-R1",1,"VOTORANTIM","Z2RM5","-","ED-I-Z2000-111","-",,1
"=A138+1","Z2M10PT2","571LQ02.PZ2","UNIDADE DE LUBRIFICAÇÃO
MANCAL DE SAÍDA DO MOINHO - Z2M10","PRESSÃO DE ÓLEO
LINHA DE ALTA PRESSÃO","TRANSMISSOR DE PRESSÃO","4-20 mA","0 bar","400 bar","Siemens","7MF1567",1,"SINOMA","Z2RM5","-","-","-",,1
"=A139+1","Z2M10PT3","571LQ02.PZ3","UNIDADE DE LUBRIFICAÇÃO
MANCAL DE SAÍDA DO MOINHO - Z2M10","PRESSÃO DE ÓLEO
LINHA DE ALTA PRESSÃO","TRANSMISSOR DE PRESSÃO","4-20 mA","0 bar","10 bar","Siemens","7MF1567",1,"SINOMA","Z2RM5","-","-","-",,1
"=A140+1","Z2M15CO","-","UNIDADE DE LUBRIFICAÇÃO DO REDUTOR - Z2M15","CONTADOR DE PARTÍCULAS DO ÓLEO","CONTADOR DE PARTÍCULAS","4-20 mA","-","-","IFM","LDP100",1,"VOTORANTIM","Z2RM4","-","ED-I-Z2000-121","-",,1
"=A141+1","Z2M15FSL1","-","UNIDADE DE LUBRIFICAÇÃO DO REDUTOR - Z2M15","FLUXO DE ÁGUA 
SISTEMA DE ARREFECIMENTO ","FLUXOSTATO","120Vca","-","-","IFM","SI5006",1,"VOTORANTIM","Z2RM4","-","ED-I-Z2000-113","-",,1
"=A142+1","Z2M15FSL2","-","UNIDADE DE LUBRIFICAÇÃO DO REDUTOR - Z2M15","FLUXO DE ÓLEO","FLUXOSTATO","120Vca","-","-","IFM","SI5006",1,"VOTORANTIM","Z2RM4","-","ED-I-Z2000-113","-",,1
"=A143+1","Z2M15FT","-","UNIDADE DE LUBRIFICAÇÃO DO REDUTOR - Z2M15","VAZÃO DE ÓLEO","TRANSMISSOR DE VAZÃO ","4-20 mA","-","-","ELETTA","D5-FLSS125, Oil, D/L, 200-1000 l/min",1,"VOTORANTIM","Z2RM4","-","ED-I-Z2000-116","-",,1
"=A144+1","Z2M15LSL","-","UNIDADE DE LUBRIFICAÇÃO DO REDUTOR - Z2M15","NÍVEL BAIXO DE ÓLEO NO TANQUE","CHAVE DE NÍVEL","120Vca","-","-","KSR","ZNJC03030701",1,"SINOMA","Z2RM4","-","-","-",,1
"=A145+1","Z2M15LSLL","-","UNIDADE DE LUBRIFICAÇÃO DO REDUTOR - Z2M15","NÍVEL ALTO DE ÓLEO NO TANQUE","CHAVE DE NÍVEL","120Vca","-","-",,,,,,,,,,
"=A146+1","Z2M15LT","-","UNIDADE DE LUBRIFICAÇÃO DO REDUTOR - Z2M15","NÍVEL DE ÓLEO NO TANQUE","TRANSMISSOR DE NÍVEL","4-20 mA","-","-","IFM","LR3000",1,"VOTORANTIM","Z2RM4","-","ED-I-Z2000-118","-",,1
"=A147+1","Z2M15PDSH","571LQ03.PS1","UNIDADE DE LUBRIFICAÇÃO DO REDUTOR - Z2M15","ENTUPIMENTO DO FILTRO DE ÓLEO","PRESSOSTATO DIFERENCIAL","120Vca","-","-","CCS","ZNJC01030101",1,"SINOMA","Z2RM4","-","-","-",,1
"=A148+1","Z2M15PT1","571LQ03.PZ1","UNIDADE DE LUBRIFICAÇÃO DO REDUTOR - Z2M15","PRESSÃO DA LINHA DE ÓLEO","TRANSMISSOR DE PRESSÃO","4-20 mA","0 bar","10 bar","Siemens","7MF1567",1,"SINOMA","Z2RM4","-","-","-",,1
"=A149+1","Z2M15PT2","-","UNIDADE DE LUBRIFICAÇÃO DO REDUTOR - Z2M15","PRESSÃO DA LINHA DE ÓLEO","TRANSMISSOR DE PRESSÃO","4-20 mA","-","-","IFM","PN3593",1,"VOTORANTIM","Z2RM4","-","ED-I-Z2000-105","-",,1
"=A150+1","Z2M15TE1","571LQ03.TE1","UNIDADE DE LUBRIFICAÇÃO DO REDUTOR - Z2M15","TEMPERATURA DO ÓLEO DO TANQUE","PT-100","RESISTÊNCIA","-50°C","150°C","Siemens","7MC5516",1,"SINOMA","Z2RM4","-","-","-",,1
"=A151+1","Z2M15TE2","571LQ03.TE2","UNIDADE DE LUBRIFICAÇÃO DO REDUTOR - Z2M15","TEMPERATURA DA LINHA DE ÓLEO","PT-100","RESISTÊNCIA","-50°C","150°C","Siemens","7MC5516",1,"SINOMA","Z2RM4","-","-","-",,1
"=A152+1","Z2M15TT1","-","UNIDADE DE LUBRIFICAÇÃO DO REDUTOR - Z2M15","TEMPERATURA E UMIDADE DO ÓLEO DO TANQUE","TRANSMISSOR DE TEMPERATURA E UMIDADE","4-20 mA","-","-","IFM","LDH100",1,"VOTORANTIM","Z2RM4","-","ED-I-Z2000-117","-",,1
"=A153+1","Z2M15TT2","-","UNIDADE DE LUBRIFICAÇÃO DO REDUTOR - Z2M15","TEMPERATURA DA LINHA DE ÓLEO","TRANSMISSOR DE TEMPERATURA","4-20 mA","-","-","IFM","TA2145",1,"VOTORANTIM","Z2RM4","-","ED-I-Z2000-104","-",,1
"=A154+1","Z2M15XV","-","UNIDADE DE LUBRIFICAÇÃO DO REDUTOR - Z2M15","VÁLVULA ON/OFF
SISTEMA DE ARREFECIMENTO","VÁLVULA SOLENOIDE","120Vca","-","-","Festo","VZWF-B-L-M22C-G34-275-2AP4-6-R1",1,"VOTORANTIM","Z2RM4","-","ED-I-Z2000-111","-",,1
"=A155+1","Z2M21TE1","571BM01.TE1","MANCAL DE ENTRADA DO MOINHO - Z2M21","TEMPERATURA 1
MANCAL DE ENTRADA","PT-100","RESISTÊNCIA","0°C","100ºC","JUMO","RTD
902050",1,"SINOMA","Z2RM2","-","-","-",,1
"=A156+1","Z2M21TE2","571BM01.TE2","MANCAL DE ENTRADA DO MOINHO - Z2M21","TEMPERATURA 2
MANCAL DE ENTRADA","PT-100","RESISTÊNCIA","0°C","100ºC","JUMO","RTD
902050",1,"SINOMA","Z2RM2","-","-","-",,1
"=A157+1","Z2M21TE3","571BM01.TE3","MANCAL DE ENTRADA DO MOINHO - Z2M21","TEMPERATURA 3
MANCAL DE ENTRADA","PT-100","RESISTÊNCIA","0°C","100ºC","JUMO","RTD
902050",1,"SINOMA","Z2RM2","-","-","-",,1
"=A158+1","Z2M21TE4","571BM01.TE4","MANCAL DE ENTRADA DO MOINHO - Z2M21","TEMPERATURA 4
MANCAL DE ENTRADA","PT-100","RESISTÊNCIA","0°C","100ºC","JUMO","RTD
902050",1,"SINOMA","Z2RM2","-","-","-",,1
"=A159+1","Z2M21ZT1","-","MANCAL DE ENTRADA DO MOINHO - Z2M21","LEVANTAMENTO DO MOINHO
LADO ESQUERDO"," TRANSMISSOR DE POSIÇÃO","4-20 mA","0,1mm","0,5mm","TURCK","BI10-M30-LIU",1,"VOTORANTIM","Z2RM2","-","ED-I-Z2000-115","-",,1
"=A160+1","Z2M21ZT2","-","MANCAL DE ENTRADA DO MOINHO - Z2M21","LEVANTAMENTO DO MOINHO
LADO DIREITO"," TRANSMISSOR DE POSIÇÃO","4-20 mA","0,1mm","0,5mm","TURCK","BI10-M30-LIU",1,"VOTORANTIM","Z2RM2","-","ED-I-Z2000-115","-",,1
"=A161+1","Z2M21ZT3","-","MANCAL DE ENTRADA DO MOINHO - Z2M21","DESLOCAMENTO AXIAL"," TRANSMISSOR DE POSIÇÃO","4-20 mA","0mm","5mm","TURCK","BI10-M30-LIU",1,"VOTORANTIM","Z2RM2","-","ED-I-Z2000-115","-",,1
"=A162+1","Z2M22TE1","571BM01.TE5","MANCAL DE SAÍDA DO MOINHO - Z2M22","TEMPERATURA 1
MANCAL DE SAÍDA","PT-100","RESISTÊNCIA","0°C","100°C","JUMO","RTD
902050",1,"SINOMA","Z2RM5","-","-","-",,1
"=A163+1","Z2M22TE2","571BM01.TE6","MANCAL DE SAÍDA DO MOINHO - Z2M22","TEMPERATURA 2
MANCAL DE SAÍDA","PT-100","RESISTÊNCIA","0°C","100°C","JUMO","RTD
902050",1,"SINOMA","Z2RM5","-","-","-",,1
"=A164+1","Z2M22TE3","571BM01.TE7","MANCAL DE SAÍDA DO MOINHO - Z2M22","TEMPERATURA 3
MANCAL DE SAÍDA","PT-100","RESISTÊNCIA","0°C","100°C","JUMO","RTD
902050",1,"SINOMA","Z2RM5","-","-","-",,1
"=A165+1","Z2M22TE4","571BM01.TE8","MANCAL DE SAÍDA DO MOINHO - Z2M22","TEMPERATURA 4
MANCAL DE SAÍDA","PT-100","RESISTÊNCIA","0°C","100°C","JUMO","RTD
902050",1,"SINOMA","Z2RM5","-","-","-",,1
"=A166+1","Z2M22ZT1","-","MANCAL DE SAÍDA DO MOINHO - Z2M22","LEVANTAMENTO DO MOINHO
LADO ESQUERDO","TRANSMISSOR DE POSIÇÃO","4-20 mA","0,1mm","0,5mm","TURCK","BI10-M30-LIU",1,"VOTORANTIM","Z2RM5","-","ED-I-Z2000-115","-",,1
"=A167+1","Z2M22ZT2","-","MANCAL DE SAÍDA DO MOINHO - Z2M22","LEVANTAMENTO DO MOINHO
LADO DIREITO"," TRANSMISSOR DE POSIÇÃO","4-20 mA","0,1mm","0,5mm","TURCK","BI10-M30-LIU",1,"VOTORANTIM","Z2RM5","-","ED-I-Z2000-115","-",,1
"=A168+1","Z2M22ZT3","-","MANCAL DE SAÍDA DO MOINHO - Z2M22","DESLOCAMENTO AXIAL","TRANSMISSOR DE POSIÇÃO","4-20 mA","0mm","5mm","TURCK","BI10-M30-LIU",1,"VOTORANTIM","Z2RM5","-","ED-I-Z2000-115","-",,1
"=A169+1","Z2P31LSH1","571BF02.LS1","FILTRO DE MANGAS - Z2P31","NÍVEL ALTO","CHAVE DE NÍVEL","120Vca","-","-","E+H","FTM21-AG242A",1,"SINOMA","Z2RM3","-","-","-",,1
"=A170+1","Z2P31LSH2","571BF02.LS1","FILTRO DE MANGAS - Z2P31","NÍVEL ALTO","CHAVE DE NÍVEL","120Vca","-","-","E+H","FTM21-AG242A",1,"SINOMA","Z2RM3","-","-","-",,1
"=A171+1","Z2P31PDT","571BF02.PZ3","FILTRO DE MANGAS - Z2P31","PRESSÃO DIFERENCIAL
FILTRO DE MANGAS","TRANSMISSOR DE PRESSÃO DIFERENCIAL","4-20 mA","0 bar","0,03 bar","SIEMENS","7MF0340-1DM01-5AF2",1,"SINOMA","Z2RM5","-","-","-",,1
"=A172+1","Z2P31PT1","571BF02.PZ1","FILTRO DE MANGAS - Z2P31","PRESSÃO DE ENTRADA DO FILTRO DE MANGAS","TRANSMISSOR DE PRESSÃO","4-20 mA","-0,05 bar","0 bar","SIEMENS","7MF0300-1JE01-5AF2",1,"SINOMA","Z2RM5","-","-","-",,1
"=A173+1","Z2P31PT2","571BF02.PZ2","FILTRO DE MANGAS - Z2P31","PRESSÃO DE SAÍDA DO FILTRO DE MANGAS","TRANSMISSOR DE PRESSÃO","4-20 mA","-0,03 bar","0 bar","SIEMENS","7MF0300-1JE01-5AF2",1,"SINOMA","Z2RM5","-","-","-",,1
"=A174+1","Z2P31PT3","571BF02.PZ4","FILTRO DE MANGAS - Z2P31","PRESSÃO DE AR LIMPEZA MANGAS DO FILTRO","TRANSMISSOR DE PRESSÃO","4-20 mA","0 bar","10 bar","E+H","PMP51B-AABACBH6AA3SCA1VNJA1+VD",1,"SINOMA","Z2RM5","-","-","-",,1
"=A175+1","Z2P31Q1","571BF02.UZ1","FILTRO DE MANGAS - Z2P31","PROGRAMADOR DO FILTRO DE MANGAS","PAINEL LOCAL","120Vca","-","-","SCHNEIDER","PLC  TM200CE24R",1,"SINOMA","Z2RM5","-","-","36x VÁLVULA SOLENOIDE",,1
"=A176+1","Z2P31TE1","571BF02.TE1","FILTRO DE MANGAS - Z2P31","TEMPERATURA DE ENTRADA DO FILTRO DE MANGAS","PT-100","RESISTÊNCIA","0°C","400°C","SIEMENS","7MC5516-1LA43-0BA2",1,"SINOMA","Z2RM5","-","-","-",,1
"=A177+1","Z2P31TE2","-","FILTRO DE MANGAS - Z2P31","TEMPERATURA DE SAÍDA DO FILTRO DE MANGAS","PT-100","RESISTÊNCIA","0°C","500°C","ECIL","TSM10/PT1-S-60-316/316-27-S-1200/KNE-21/33/4BI",1,"VOTORANTIM","Z2RM5","-","ED-I-Z2000-104","-",,1
"=A178+1","Z2P32M1TE1","571FN02.TE3~4","MOTOR DO VENTILADOR DO FILTRO DE MANGAS - Z2P32M1","TEMPERATURA ENROLAMENTO DO ESTATOR DO MOTOR - FASE R","PT-100","RESISTÊNCIA","0°C","200°C","KELIANG","WZP2*2B-3*2000",2,"SINOMA","Z2RM3","-","-","-",,1
"=A179+1","Z2P32M1TE2","571FN02.TE5~6","MOTOR DO VENTILADOR DO FILTRO DE MANGAS - Z2P32M1","TEMPERATURA ENROLAMENTO DO ESTATOR DO MOTOR - FASE S","PT-100","RESISTÊNCIA","0°C","200°C","KELIANG","WZP2*2B-3*2000",2,"SINOMA","Z2RM3","-","-","-",,1
"=A180+1","Z2P32M1TE3","571FN02.TE7~8","MOTOR DO VENTILADOR DO FILTRO DE MANGAS - Z2P32M1","TEMPERATURA ENROLAMENTO DO ESTATOR DO MOTOR - FASE T","PT-100","RESISTÊNCIA","0°C","200°C","KELIANG","WZP2*2B-3*2000",2,"SINOMA","Z2RM3","-","-","-",,1
"=A181+1","Z2P32M1TE4","571FN02.TE9","MOTOR DO VENTILADOR DO FILTRO DE MANGAS - Z2P32M1","TEMPERATURA MANCAL DO MOTOR DO VENTILADOR - L.A","PT-100","RESISTÊNCIA","0°C","100°C","KELIANG","WZP2*2B-3*2000",1,"SINOMA","Z2RM3","-","-","-",,1
"=A182+1","Z2P32M1TE5","571FN02.TEA","MOTOR DO VENTILADOR DO FILTRO DE MANGAS - Z2P32M1","TEMPERATURA MANCAL DO MOTOR DO VENTILADOR - L.O.A","PT-100","RESISTÊNCIA","0°C","100°C","KELIANG","WZP2*2B-3*2000",1,"SINOMA","Z2RM3","-","-","-",,1
"=A183+1","Z2P32M1XT1","-","MOTOR DO VENTILADOR DO FILTRO DE MANGAS - Z2P32M1","VIBRAÇÃO MANCAL 
DO MOTOR L.A - RADIAL","TRANSMISSOR DE VIBRAÇÃO","4-20 mA","0mm/s","25 mm/s","IFM","VTV122",1,"VOTORANTIM","Z2RM3","-","ED-I-Z2000-106","-",,1
"=A184+1","Z2P32M1XT2","571FN02.VZ3","MOTOR DO VENTILADOR DO FILTRO DE MANGAS - Z2P32M1","VIBRAÇÃO MANCAL 
DO MOTOR L.A - AXIAL","TRANSMISSOR DE VIBRAÇÃO","4-20 mA","0mm/s","10 mm/s","IFM","VTV122",1,"SINOMA","Z2RM3","-","-","-",,1
"=A185+1","Z2P32M1XT3","571FN02.VZ4","MOTOR DO VENTILADOR DO FILTRO DE MANGAS - Z2P32M1","VIBRAÇÃO MANCAL 
DO MOTOR L.O.A","TRANSMISSOR DE VIBRAÇÃO","4-20 mA","0mm/s","10 mm/s","IFM","VTV122",1,"SINOMA","Z2RM3","-","-","-",,1
"=A186+1","Z2P32TE1","571FN02.TE1","VENTILADOR DO FILTRO DE MANGAS - Z2P32","TEMPERATURA MANCAL DO VENTILADOR - L.A","PT-100","RESISTÊNCIA","0°C","100°C","Siemens","7MC5500",1,"SINOMA","Z2RM3","-","-","-",,1
"=A187+1","Z2P32TE2","571FN02.TE2","VENTILADOR DO FILTRO DE MANGAS - Z2P32","TEMPERATURA MANCAL DO VENTILADOR - L.O.A","PT-100","RESISTÊNCIA","0°C","100°C","Siemens","7MC5500",1,"SINOMA","Z2RM3","-","-","-",,1
"=A188+1","Z2P32XT1","571FN02VZ1","VENTILADOR DO FILTRO DE MANGAS - Z2P32","VIBRAÇÃO MANCAL
DO VENTILADOR - L.A","TRANSMISSOR DE VIBRAÇÃO","4-20 mA","0mm/s","25 mm/s","IFM","VTV122",1,"SINOMA","Z2RM3","-","-","-",,1
"=A189+1","Z2P32XT2","-","VENTILADOR DO FILTRO DE MANGAS - Z2P32","VIBRAÇÃO MANCAL
DO VENTILADOR - L.A","TRANSMISSOR DE VIBRAÇÃO","4-20 mA","0mm/s","25 mm/s","IFM","VTV122",1,"VOTORANTIM","Z2RM3","-","ED-I-Z2000-106","-",,1
"=A190+1","Z2P32XT3","571FN02VZ2","VENTILADOR DO FILTRO DE MANGAS - Z2P32","VIBRAÇÃO MANCAL
DO VENTILADOR - L.O.A","TRANSMISSOR DE VIBRAÇÃO","4-20 mA","0mm/s","25 mm/s","IFM","VTV122",1,"SINOMA","Z2RM3","-","-","-",,1
"=A191+1","Z2P32XT4","-","VENTILADOR DO FILTRO DE MANGAS - Z2P32","VIBRAÇÃO MANCAL
DO VENTILADOR - L.O.A","TRANSMISSOR DE VIBRAÇÃO","4-20 mA","0mm/s","25 mm/s","IFM","VTV122",1,"VOTORANTIM","Z2RM3","-","ED-I-Z2000-106","-",,1
"=A192+1","Z2P33SP","571DA02.ZZ1","DAMPER DE TIRAGEM DO FILTRO - Z2P33","SETPOINT","ATUADOR ELÉTRICO","4-20 mA",0%,100%,"AUMA","SAR07.6/AC01.2/GFC100
440V/T≥2500N.M",1,"SINOMA","Z2RM3","-","-","Com o atuador",,1
"=A193+1","Z2P33TSH","-","DAMPER DE TIRAGEM DO FILTRO - Z2P33","FALHA","TERMOSTATO","120Vca","-","-",,,,,,,,,,
"=A194+1","Z2P33ZSH1","571DA02.ZS1","DAMPER DE TIRAGEM DO FILTRO - Z2P33","POSIÇÃO ABERTA","FIM DE CURSO","120Vca","-","-",,,,,,,,,,
"=A195+1","Z2P33ZSH2","-","DAMPER DE TIRAGEM DO FILTRO - Z2P33","POSIÇÃO ABERTA","SENSOR INDUTIVO DE PROXIMIDADE","120Vca","-","-","TELEMECANIQUE","XS1M30MB250",1,"VOTORANTIM","Z2RM3","-","ED-I-Z2000-103","SENSOR INDUTIVO DE PROXIMIDADE A SER INSTALADO EXTERNAMENTE AO EQUIPAMENTO",,1
"=A196+1","Z2P33ZSL1","571DA02.ZS2","DAMPER DE TIRAGEM DO FILTRO - Z2P33","POSIÇÃO FECHADA","FIM DE CURSO","120Vca","-","-","AUMA","SAR07.6/AC01.2/GFC100
440V/T≥2500N.M",1,"SINOMA","Z2RM3","-","-","Com o atuador",,1
"=A197+1","Z2P33ZSL2","-","DAMPER DE TIRAGEM DO FILTRO - Z2P33","POSIÇÃO FECHADA","SENSOR INDUTIVO DE PROXIMIDADE","120Vca","-","-","TELEMECANIQUE","XS1M30MB250",1,"VOTORANTIM","Z2RM3","-","ED-I-Z2000-103","-",,1
"=A198+1","Z2P33ZT","571DA02.ZZ1","DAMPER DE TIRAGEM DO FILTRO - Z2P33","POSIÇÃO","ATUADOR ELÉTRICO","4-20 mA",0%,100%,"AUMA","SAR07.6/AC01.2/GFC100
440V/T≥2500N.M",1,"SINOMA","Z2RM3","-","-","Com o atuador",,1
"=A199+1","Z2P34AT","571.OZ1","CHAMINÉ - Z2P34","ANALISADOR DE PARTICULADOS","OPACÍMETRO
MEDIDOR DE PARTICULADOS
(ELETRODINAMICO)","4-20 mA","0 mg/m3","500 mg/m3","SICK","SB30",1,"SINOMA","Z2RM3","-","-","-",,5
"=A200+1","Z2P51LSH1","571BF01.LS1","FILTRO DE MANGAS - Z2P51","NÍVEL ALTO","CHAVE DE NÍVEL","120Vca","-","-","E+H","FTM21-AG242A",1,"SINOMA","Z2RM3","-","-","-",,1
"=A201+1","Z2P51LSH2","571BF01.LS1","FILTRO DE MANGAS - Z2P51","NÍVEL ALTO","CHAVE DE NÍVEL","120Vca","-","-","E+H","FTM21-AG242A",1,"SINOMA","Z2RM3","-","-","-",,1
"=A202+1","Z2P51LSH3","571BF01.LS2","FILTRO DE MANGAS - Z2P51","NÍVEL ALTO","CHAVE DE NÍVEL","120Vca","-","-","E+H","FTM21-AG242A",1,"SINOMA","Z2RM3","-","-","-",,1
"=A203+1","Z2P51LSH4","571BF01.LS2","FILTRO DE MANGAS - Z2P51","NÍVEL ALTO","CHAVE DE NÍVEL","120Vca","-","-","E+H","FTM21-AG242A",1,"SINOMA","Z2RM3","-","-","-",,1
"=A204+1","Z2P51LSH5","-","FILTRO DE MANGAS - Z2P51","NÍVEL ALTO","CHAVE DE NÍVEL","120Vca","-","-","VEGA","VEGAVIB63",1,"VOTORANTIM","Z2RM3","-","ED-I-Z2000-107","-",,1
"=A205+1","Z2P51LSH6","-","FILTRO DE MANGAS - Z2P51","NÍVEL ALTO","CHAVE DE NÍVEL","120Vca","-","-","VEGA","VEGAVIB63",1,"VOTORANTIM","Z2RM3","-","ED-I-Z2000-107","-",,1
"=A206+1","Z2P51PDT","571BF01.PZ3","FILTRO DE MANGAS - Z2P51","PRESSÃO DIFERENCIAL
FILTRO DE MANGAS","TRANSMISSOR DE PRESSÃO DIFERENCIAL","4-20 mA","0 bar","0,03 bar","SIEMENS","7MF0340-1DM01-5AF2",1,"SINOMA","Z2RM7","-","-","-",,1
"=A207+1","Z2P51PT1","571BF01.PZ1","FILTRO DE MANGAS - Z2P51","PRESSÃO DE ENTRADA DO FILTRO DE MANGAS","TRANSMISSOR DE PRESSÃO","4-20 mA","-0,07 bar","0 bar","SIEMENS","7MF0300-1JE01-5AF2",1,"SINOMA","Z2RM7","-","-","-",,1
"=A208+1","Z2P51PT2","571BF01.PZ2","FILTRO DE MANGAS - Z2P51","PRESSÃO DE SAÍDA DO FILTRO DE MANGAS","TRANSMISSOR DE PRESSÃO","4-20 mA","-0,05 bar","0 bar","SIEMENS","7MF0300-1JE01-5AF2",1,"SINOMA","Z2RM7","-","-","-",,1
"=A209+1","Z2P51PT3","571BF01.PZ4","FILTRO DE MANGAS - Z2P51","PRESSÃO DE AR LIMPEZA MANGAS DO FILTRO","TRANSMISSOR DE PRESSÃO","4-20 mA","0 bar","10 bar","E+H","PMP51B-AABACBH6AA3SCA1VNJA1+VD",1,"SINOMA","Z2RM7","-","-","-",,1
"=A210+1","Z2P51Q1","571BF01.UZ1","FILTRO DE MANGAS - Z2P51","PROGRAMADOR DO FILTRO DE MANGAS","PAINEL LOCAL","120Vca","-","-","SCHNEIDER","PLC  TM200CE24R",1,"SINOMA","Z2RM7","-","-","144x VÁLVULA SOLENOIDE",,1
"=A211+1","Z2P51TE1","571BF01.TE1","FILTRO DE MANGAS - Z2P51","TEMPERATURA DE ENTRADA DO FILTRO DE MANGAS","PT-100","RESISTÊNCIA","0°C","400°C","SIEMENS","7MC5516-1LA43-0BA2",1,"SINOMA","Z2RM7","-","-","-",,1
"=A212+1","Z2P51TE2","-","FILTRO DE MANGAS - Z2P51","TEMPERATURA DE SAÍDA DO FILTRO DE MANGAS","PT-100","RESISTÊNCIA","0°C","500°C","ECIL","TSM10/PT1-S-60-316/316-27-S-1200/KNE-21/33/4BI",1,"VOTORANTIM","Z2RM7","-","ED-I-Z2000-104","-",,1
"=A213+1","Z2P52M1TE1","571FN01.TE3~4","MOTOR VENTILADOR DO FILTRO DE MANGAS - Z2P52M1","TEMPERATURA ENROLAMENTO DO ESTATOR DO MOTOR - FASE R1","PT-100","RESISTÊNCIA","0°C","200°C","PENDENTE SINOMA","PENDENTE SINOMA",2,"SINOMA","Z2RM3","-","-","-",,1
"=A214+1","Z2P52M1TE2","571FN01.TE5~6","MOTOR VENTILADOR DO FILTRO DE MANGAS - Z2P52M1","TEMPERATURA ENROLAMENTO DO ESTATOR DO MOTOR - FASE S1","PT-100","RESISTÊNCIA","0°C","200°C","PENDENTE SINOMA","PENDENTE SINOMA",2,"SINOMA","Z2RM3","-","-","-",,1
"=A215+1","Z2P52M1TE3","571FN01.TE7~8","MOTOR VENTILADOR DO FILTRO DE MANGAS - Z2P52M1","TEMPERATURA ENROLAMENTO DO ESTATOR DO MOTOR - FASE T1","PT-100","RESISTÊNCIA","0°C","200°C","PENDENTE SINOMA","PENDENTE SINOMA",2,"SINOMA","Z2RM3","-","-","-",,1
"=A216+1","Z2P52M1TE4","571FN01.TE9","MOTOR VENTILADOR DO FILTRO DE MANGAS - Z2P52M1","TEMPERATURA MANCAL DO MOTOR DO VENTILADOR - L.A","PT-100","RESISTÊNCIA","0°C","100°C","PENDENTE SINOMA","PENDENTE SINOMA",1,"SINOMA","Z2RM3","-","-","-",,1
"=A217+1","Z2P52M1TE5","571FN01.TEA","MOTOR VENTILADOR DO FILTRO DE MANGAS - Z2P52M1","TEMPERATURA MANCAL DO MOTOR DO VENTILADOR - L.O.A","PT-100","RESISTÊNCIA","0°C","100°C","PENDENTE SINOMA","PENDENTE SINOMA",1,"SINOMA","Z2RM3","-","-","-",,1
"=A218+1","Z2P52M1XT1","-","MOTOR VENTILADOR DO FILTRO DE MANGAS - Z2P52M1","VIBRAÇÃO MANCAL 
DO MOTOR L.A - RADIAL","TRANSMISSOR DE VIBRAÇÃO","4-20 mA","0mm/s","25 mm/s","IFM","VTV122",1,"VOTORANTIM","Z2RM3","-","ED-I-Z2000-106","-",,1
"=A219+1","Z2P52M1XT2","571FN01.VZ3","MOTOR VENTILADOR DO FILTRO DE MANGAS - Z2P52M1","VIBRAÇÃO MANCAL 
DO MOTOR L.A - AXIAL","TRANSMISSOR DE VIBRAÇÃO","4-20 mA","0mm/s","10 mm/s","IFM","VTV122",1,"SINOMA","Z2RM3","-","-","-",,1
"=A220+1","Z2P52M1XT3","571FN01.VZ4","MOTOR VENTILADOR DO FILTRO DE MANGAS - Z2P52M1","VIBRAÇÃO MANCAL 
DO MOTOR L.O.A","TRANSMISSOR DE VIBRAÇÃO","4-20 mA","0mm/s","10 mm/s","IFM","VTV122",1,"SINOMA","Z2RM3","-","-","-",,1
"=A221+1","Z2P52TE1","571FN01.TE1","VENTILADOR DO FILTRO DE MANGAS - Z2P52","TEMPERATURA MANCAL DO VENTILADOR - L.A","PT-100","RESISTÊNCIA","0°C","100°C","Siemens","7MC5500",1,"SINOMA","Z2RM3","-","-","-",,1
"=A222+1","Z2P52TE2","571FN01.TE2","VENTILADOR DO FILTRO DE MANGAS - Z2P52","TEMPERATURA MANCAL DO VENTILADOR - L.O.A","PT-100","RESISTÊNCIA","0°C","100°C","Siemens","7MC5500",1,"SINOMA","Z2RM3","-","-","-",,1
"=A223+1","Z2P52XT1","571FN01.VZ1","VENTILADOR DO FILTRO DE MANGAS - Z2P52","VIBRAÇÃO 1 MANCAL DO VENTILADOR - L.A","TRANSMISSOR DE VIBRAÇÃO","4-20 mA","0mm/s","10 mm/s","IFM","VTV122",1,"SINOMA","Z2RM3","-","-","-",,1
"=A224+1","Z2P52XT2","571FN01.VZ2","VENTILADOR DO FILTRO DE MANGAS - Z2P52","VIBRAÇÃO 2 MANCAL DO VENTILADOR - L.A","TRANSMISSOR DE VIBRAÇÃO","4-20 mA","0mm/s","10 mm/s","IFM","VTV122",1,"SINOMA","Z2RM3","-","-","-",,1
"=A225+1","Z2P52XT3","-","VENTILADOR DO FILTRO DE MANGAS - Z2P52","VIBRAÇÃO 1 MANCAL DO VENTILADOR - L.O.A","TRANSMISSOR DE VIBRAÇÃO","4-20 mA","0mm/s","10 mm/s","PEGAR MODELO NO Z10","PEGAR MODELO NO Z10",1,"SINOMA","Z2RM3","-","-","-",,1
"=A226+1","Z2P52XT4","-","VENTILADOR DO FILTRO DE MANGAS - Z2P52","VIBRAÇÃO 2 MANCAL DO VENTILADOR - L.O.A","TRANSMISSOR DE VIBRAÇÃO","4-20 mA","0mm/s","10 mm/s","PEGAR MODELO NO Z10","PEGAR MODELO NO Z10",1,"SINOMA","Z2RM3","-","-","-",,1
"=A227+1","Z2P53SP","571DA01.ZZ1","DAMPER DE TIRAGEM DO FILTRO - Z2P53","SETPOINT","ATUADOR ELÉTRICO","4-20 mA",0%,100%,"AUMA","SAR07.6/AC01.2/GFC100
440V/T≥2500N.M",1,"SINOMA","Z2RM3","-","-","Com o atuador",,1
"=A228+1","Z2P53TSH","-","DAMPER DE TIRAGEM DO FILTRO - Z2P53","FALHA","TERMOSTATO","120Vca","-","-",,,,,,,,,,
"=A229+1","Z2P53ZSH1","571DA01.ZSO","DAMPER DE TIRAGEM DO FILTRO - Z2P53","POSIÇÃO ABERTA","FIM DE CURSO","120Vca","-","-",,,,,,,,,,
"=A230+1","Z2P53ZSH2","-","DAMPER DE TIRAGEM DO FILTRO - Z2P53","POSIÇÃO ABERTA","SENSOR INDUTIVO DE PROXIMIDADE","120Vca","-","-","TELEMECANIQUE","XS1M30MB250",1,"VOTORANTIM","Z2RM3","-","ED-I-Z2000-103","Com o atuador",,1
"=A231+1","Z2P53ZSL1","571DA01.ZSC","DAMPER DE TIRAGEM DO FILTRO - Z2P53","POSIÇÃO FECHADA","FIM DE CURSO","120Vca","-","-","AUMA","SAR07.6/AC01.2/GFC100
440V/T≥2500N.M",1,"SINOMA","Z2RM3","-","-","Com o atuador",,1
"=A232+1","Z2P53ZSL2","-","DAMPER DE TIRAGEM DO FILTRO - Z2P53","POSIÇÃO FECHADA","SENSOR INDUTIVO DE PROXIMIDADE","120Vca","-","-","TELEMECANIQUE","XS1M30MB250",1,"VOTORANTIM","Z2RM3","-","ED-I-Z2000-103","SENSOR INDUTIVO DE PROXIMIDADE A SER INSTALADO EXTERNAMENTE AO EQUIPAMENTO",,1
"=A233+1","Z2P53ZT","571DA01.ZZ1","DAMPER DE TIRAGEM DO FILTRO - Z2P53","POSIÇÃO","ATUADOR ELÉTRICO","4-20 mA",0%,100%,"AUMA","SAR07.6/AC01.2/GFC100
440V/T≥2500N.M",1,"SINOMA","Z2RM3","-","-","Com o atuador",,1
"=A234+1","Z2SKFQ3","-","SEPARADOR - Z2S01","SISTEMA SKF","PAINEL DO SISTEMA SKF","4-20 mA","-","-","SKF","IMX-8",8,"VOTORANTIM","Z2CLP1","-","-","SINAIS COLETADOS VIA REDE
- 2 UNIDADES TRANSMISSOR DE VIBRAÇÃO MOTOR PRINCIPAL;
- 3 UNIDADES TRANSMISSOR DE VIBRAÇÃO NO REDUTOR;
- 1 UNIDADE TACÔMETRO NO REDUTOR;
- 2 UNIDADES TRANSMISSOR DE VIBRAÇÃO NOS MANCAIS SUPERIOR E INFERIOR",,1
"=A235+1","Z2S01M1TE1","571SR01.TE1~2","MOTOR DO SEPARADOR - Z2S01M1","TEMPERATURA ENROLAMENTO
FASE R","PT-100","RESISTÊNCIA","0°C","200°C","WIKA","PDCEPT03",2,"SINOMA","Z2RM7","-","-","-",,1
"=A236+1","Z2S01M1TE2","571SR01.TE3~4","MOTOR DO SEPARADOR - Z2S01M1","TEMPERATURA ENROLAMENTO
FASE S","PT-100","RESISTÊNCIA","0°C","200°C","WIKA","PDCEPT03",2,"SINOMA","Z2RM7","-","-","-",,1
"=A237+1","Z2S01M1TE3","571SR01.TE5~6","MOTOR DO SEPARADOR - Z2S01M1","TEMPERATURA ENROLAMENTO
FASE T","PT-100","RESISTÊNCIA","0°C","200°C","WIKA","PDCEPT03",2,"SINOMA","Z2RM7","-","-","-",,1
"=A238+1","Z2S01M1TE4","571SR01.TE7","MOTOR DO SEPARADOR - Z2S01M1","TEMPERATURA MANCAL DO MOTOR - L.A","PT-100","RESISTÊNCIA","0°C","100°C","WIKA","PDCEPT03",1,"SINOMA","Z2RM7","-","-","-",,1
"=A239+1","Z2S01M1TE5","571SR01.TE8","MOTOR DO SEPARADOR - Z2S01M1","TEMPERATURA MANCAL DO MOTOR - L.O.A","PT-100","RESISTÊNCIA","0°C","100°C","WIKA","PDCEPT03",1,"SINOMA","Z2RM7","-","-","-",,1
"=A240+1","Z2S01M1XT1","571SR01.VZ1","MOTOR DO SEPARADOR - Z2S01M1","VIBRAÇÃO MANCAL DO MOTOR - L.A","TRANSMISSOR DE VIBRAÇÃO","4-20 mA","0mm/s","10mm/s","IFM","VTV122",1,"SINOMA","Z2RM7","-","-","-",,1
"=A241+1","Z2S01M1XT2","571SR01.VZ2","MOTOR DO SEPARADOR - Z2S01M1","VIBRAÇÃO MANCAL DO MOTOR - L.O.A","TRANSMISSOR DE VIBRAÇÃO","4-20 mA","0mm/s","10mm/s","IFM","VTV122",1,"SINOMA","Z2RM7","-","-","-",,1
"=A242+1","Z2S01PSL","-","SISTEMA DE ARREFECIMENTO DE AR COMPRIMIDO PARA MANCAL DO SEPARADOR - Z2S01","PRESSÃO BAIXA LINHA DE AR","PRESSOSTATO","120Vca","-","-","TELEMECANIQUE","XMLB010A2S11",1,"VOTORANTIM","Z2RM2","-","ED-I-Z2000-122","-",,4
"=A243+1","Z2S01SE","-","SEPARADOR - Z2S01","VELOCIDADE DO SEPARADOR","SENSOR INDUTIVO NAMUR","4-20 mA","0Hz","60Hz","SENSE","PS2-12GX50-N-L + KMV-228/120Vac",1,"VOTORANTIM","Z2RM7","-","ED-I-Z2000-112","-",,1
"=A244+1","Z2S01TE1","571SR01.TE9","SEPARADOR - Z2S01","TEMPERATURA DO MANCAL SUPERIOR","PT-100","RESISTÊNCIA","0°C","100°C","JUMO",902050,1,"SINOMA","Z2RM7","-","-","-",,1
"=A245+1","Z2S01TE2","571SR01.TEA","SEPARADOR - Z2S01","TEMPERATURA DO MANCAL INFERIOR","PT-100","RESISTÊNCIA","0°C","100°C","JUMO",902050,1,"SINOMA","Z2RM7","-","-","-",,1
"=A246+1","Z2S01XT8","-","SEPARADOR - Z2S01","VIBRAÇÃO DO MANCAL SUPERIOR","TRANSMISSOR DE VIBRAÇÃO","4-20 mA","0mm/s","25mm/s","IFM","VTV122",1,"VOTORANTIM","Z2RM7","-","ED-I-Z2000-106","-",,1
"=A247+1","Z2S01XT9","-","SEPARADOR - Z2S01","VIBRAÇÃO DO MANCAL INFERIOR","TRANSMISSOR DE VIBRAÇÃO","4-20 mA","0mm/s","25mm/s","IFM","VTV122",1,"VOTORANTIM","Z2RM7","-","ED-I-Z2000-106","-",,1
"=A248+1","Z2S01XV","-","SISTEMA DE ARREFECIMENTO DE AR COMPRIMIDO PARA MANCAL DO SEPARADOR - Z2S01","COMANDO ABRE / FECHA","VÁLVULA SOLENOIDE","120Vca","-","-","PENDENTE VOTORANTIM","CONFORME COMPRADO PELA MECÂNICA",1,"VOTORANTIM","Z2RM7","-","-","FORNECIMENTO PELA VOTORANTIM (MECÂNICA)",,1
"=A249+1","Z2S01ZSH","-","SISTEMA DE ARREFECIMENTO DE AR COMPRIMIDO PARA MANCAL DO SEPARADOR - Z2S01","POSIÇÃO ABERTA","FIM DE CURSO","120Vca","-","-","PENDENTE VOTORANTIM","PENDENTE VOTORANTIM",1,"VOTORANTIM","Z2RM7","-","-","FORNECIMENTO PELA VOTORANTIM (MECÂNICA)",,4
"=A250+1","Z2S01ZSL","-","SISTEMA DE ARREFECIMENTO DE AR COMPRIMIDO PARA MANCAL DO SEPARADOR - Z2S01","POSIÇÃO FECHADA","FIM DE CURSO","120Vca","-","-","PENDENTE VOTORANTIM","PENDENTE VOTORANTIM",1,"VOTORANTIM","Z2RM7","-","-","FORNECIMENTO PELA VOTORANTIM (MECÂNICA)",,4
"=A251+1","Z2S02SP","571SR01DA01.ZZ1","DAMPER DE AR FRIO DO
SEPARADOR - Z2S02","SETPOINT","ATUADOR ELÉTRICO","4-20 mA",0%,100%,"yangzhou Chaoneng","CNQ60-200",1,"SINOMA","Z2RM7","-","-","Com o damper",,1
"=A252+1","Z2S02TSH","571SR01DA01","DAMPER DE AR FRIO DO
SEPARADOR - Z2S02","FALHA","TERMOSTATO","120Vca","-","-",,,,,,,,,,
"=A253+1","Z2S02ZSH","571SR01DA01.ZSO","DAMPER DE AR FRIO DO
SEPARADOR - Z2S02","POSIÇÃO ABERTA","FIM DE CURSO","120Vca","-","-",,,,,,,,,,
"=A254+1","Z2S02ZSL","571SR01DA01.ZSC","DAMPER DE AR FRIO DO
SEPARADOR - Z2S02","POSIÇÃO FECHADA","FIM DE CURSO","120Vca","-","-",,,,,,,,,,
"=A255+1","Z2S02ZT","571SR01DA01","DAMPER DE AR FRIO DO
SEPARADOR - Z2S02","POSIÇÃO","ATUADOR ELÉTRICO","4-20 mA",0%,100%,,,,,,,,,,
"=A256+1","Z2S03SP","571SR01DA02.ZZ1","DAMPER DE AR FRIO DO
SEPARADOR - Z2S03","SETPOINT","ATUADOR ELÉTRICO","4-20 mA",0%,100%,"yangzhou Chaoneng","CNQ60-200",1,"SINOMA","Z2RM7","-","-","Com o damper",,1
"=A257+1","Z2S03TSH","571SR01DA02","DAMPER DE AR FRIO DO
SEPARADOR - Z2S03","FALHA","TERMOSTATO","120Vca","-","-",,,,,,,,,,
"=A258+1","Z2S03ZSH","571SR01DA02.ZSO","DAMPER DE AR FRIO DO
SEPARADOR - Z2S03","POSIÇÃO ABERTA","FIM DE CURSO","120Vca","-","-",,,,,,,,,,
"=A259+1","Z2S03ZSL","571SR01DA02.ZSC","DAMPER DE AR FRIO DO
SEPARADOR - Z2S03","POSIÇÃO FECHADA","FIM DE CURSO","120Vca","-","-",,,,,,,,,,
"=A260+1","Z2S03ZT","571SR01DA02","DAMPER DE AR FRIO DO
SEPARADOR - Z2S03","POSIÇÃO","ATUADOR ELÉTRICO","4-20 mA",0%,100%,,,,,,,,,,
"=A261+1","Z2S04SP","571SR01DA03.ZZ1","DAMPER DE AR FRIO DO
SEPARADOR - Z2S04","SETPOINT","ATUADOR ELÉTRICO","4-20 mA",0%,100%,"yangzhou Chaoneng","CNQ60-200",1,"SINOMA","Z2RM7","-","-","Com o damper",,1
"=A262+1","Z2S04TSH","571SR01DA03","DAMPER DE AR FRIO DO
SEPARADOR - Z2S04","FALHA","TERMOSTATO","120Vca","-","-",,,,,,,,,,
"=A263+1","Z2S04ZSH","571SR01DA03.ZSO","DAMPER DE AR FRIO DO
SEPARADOR - Z2S04","POSIÇÃO ABERTA","FIM DE CURSO","120Vca","-","-",,,,,,,,,,
"=A264+1","Z2S04ZSL","571SR01DA03.ZSC","DAMPER DE AR FRIO DO
SEPARADOR - Z2S04","POSIÇÃO FECHADA","FIM DE CURSO","120Vca","-","-",,,,,,,,,,
"=A265+1","Z2S04ZT","571SR01DA03","DAMPER DE AR FRIO DO
SEPARADOR - Z2S04","POSIÇÃO","ATUADOR ELÉTRICO","4-20 mA",0%,100%,,,,,,,,,,
"=A266+1","Z2S05SP","571SR01DA04.ZZ1","DAMPER DE AR FRIO DO
SEPARADOR - Z2S05","SETPOINT","ATUADOR ELÉTRICO","4-20 mA",0%,100%,"yangzhou Chaoneng","CNQ60-200",1,"SINOMA","Z2RM7","-","-","Com o damper",,1
"=A267+1","Z2S05TSH","571SR01DA04","DAMPER DE AR FRIO DO
SEPARADOR - Z2S05","FALHA","TERMOSTATO","120Vca","-","-",,,,,,,,,,
"=A268+1","Z2S05ZSH","571SR01DA04.ZSO","DAMPER DE AR FRIO DO
SEPARADOR - Z2S05","POSIÇÃO ABERTA","FIM DE CURSO","120Vca","-","-",,,,,,,,,,
"=A269+1","Z2S05ZSL","571SR01DA04.ZSC","DAMPER DE AR FRIO DO
SEPARADOR - Z2S05","POSIÇÃO FECHADA","FIM DE CURSO","120Vca","-","-",,,,,,,,,,
"=A270+1","Z2S05ZT","571SR01DA04","DAMPER DE AR FRIO DO
SEPARADOR - Z2S05","POSIÇÃO","ATUADOR ELÉTRICO","4-20 mA",0%,100%,,,,,,,,,,
"=A271+1","Z2S06LSL","571LQ04.LS1","UNIDADE DE LUBRIFICAÇÃO DO SEPARADOR - Z2S06","NÍVEL BAIXO DE ÓLEO NO TANQUE","CHAVE DE NÍVEL TIPO BOIA MAGNÉTICA","120Vca","-","-","Schneider","XCJ110C",1,"SINOMA","Z2RM7","-","-","Um sensor",,2
"=A272+1","Z2S06PDSH","571LQ04.PS1","UNIDADE DE LUBRIFICAÇÃO DO SEPARADOR - Z2S06","ENTUPIMENTO DO FILTRO DE ÓLEO","PRESSOSTATO DIFERENCIAL","120Vca","-","-",,,,,,,,,,
"=A273+1","Z2S06PT","-","UNIDADE DE LUBRIFICAÇÃO DO SEPARADOR - Z2S06","PRESSÃO NA LINHA DE ÓLEO","TRANSMISSOR DE PRESSÃO","4-20 mA","-","-","IFM","PN2094",1,"VOTORANTIM","Z2RM7","-","ED-I-Z2000-105","-",,1
"=A274+1","Z2S06TE","-","UNIDADE DE LUBRIFICAÇÃO DO SEPARADOR - Z2S06","TEMPERATURA DE ÓLEO
TANQUE DE ÓLEO","PT-100","RESISTÊNCIA","0°C","150°C","ECIL","TSM10/PT1-S-60-316/316-27-S-200/KNE-21/33/4BI",1,"VOTORANTIM","Z2RM7","-","ED-I-Z2000-104","-",,1
"=A275+1","Z2S07FSL","-","BOMBA DE GRAXA - Z2S07","CICLO CONCLUÍDO","CHAVE FIM DE CURSO","120Vca","-","-","Schneider","XCJ103C",1,"SINOMA","Z2RM7","-","-","Um sensor",,1
"=A276+1","Z2S07LSL","-","BOMBA DE GRAXA - Z2S07","NÍVEL BAIXO DE GRAXA","CHAVE FIM DE CURSO","120Vca","-","-",,,,,,,,,,
"=A277+1","Z2SIR02","-","SIRENE - Z2SIR02","ALARME","SIRENE","120Vca","-","-","TUCANO","SR120-120V",1,"VOTORANTIM","Z2RM2","-","ED-I-Z2000-108","-",,1
"=A278+1","Z2SIR03","-","SIRENE - Z2SIR03","ALARME","SIRENE","120Vca","-","-","TUCANO","SR120-120V",1,"VOTORANTIM","Z2RM5","-","ED-I-Z2000-108","-",,1
"=A279+1","Z2PDT1","-","BAIA SALA ELÉTRICA - Z2","PRESSÃO DIFERENCIAL DA BAIA DO TRAFO","PT-100","RESISTÊNCIA","0°C","150°C","DANFOSS","MBT 5410
000-060-010-0000",1,"VOTORANTIM","Z2RM1","-","ED-I-Z2000-130","-",,5
"=A280+1","Z2TE1","-","BAIA SALA ELÉTRICA - Z2","TEMPERATURA DA BAIA DO TRAFO","PT-100","RESISTÊNCIA","0°C","150°C","DANFOSS","MBT 5410
000-060-010-0000",1,"VOTORANTIM","Z2RM1","-","ED-I-Z2000-104","-",,1
"=A281+1","SU6.2PDT1","-","SU6.2 - SALA ELÉTRICA DE BAIXA - Z2","PRESSÃO DIFERENCIAL DA SALA ELÉTRICA","PT-100","RESISTÊNCIA","0°C","150°C","DANFOSS","MBT 5410
000-060-010-0000",1,"VOTORANTIM","Z2RM1","-","ED-I-Z2000-130","-",,5
"=A282+1","SU6.2TE1","-","SU6.2 - SALA ELÉTRICA DE BAIXA - Z2","TEMPERATURA DA SALA ELÉTRICA","PT-100","RESISTÊNCIA","0°C","150°C","DANFOSS","MBT 5410
000-060-010-0000",1,"VOTORANTIM","Z2RM1","-","ED-I-Z2000-104","-",,5
"=A283+1","SU6.4PDT1","-","SU6.4 - SALA ELÉTRICA DE MÉDIA - Z2","PRESSÃO DIFERENCIAL DA SALA ELÉTRICA","PT-100","RESISTÊNCIA","0°C","150°C","DANFOSS","MBT 5410
000-060-010-0000",1,"VOTORANTIM","Z2RM1","-","ED-I-Z2000-130","-",,5
"=A284+1","SU6.4TE1","-","SU6.4 - SALA ELÉTRICA DE MÉDIA - Z2","TEMPERATURA DA SALA ELÉTRICA","PT-100","RESISTÊNCIA","0°C","150°C","DANFOSS","MBT 5410
000-060-010-0000",1,"VOTORANTIM","Z2RM1","-","ED-I-Z2000-104","-",,5
"=A285+1","SU6.4PDT2","-","SU6.4 - SALA ELÉTRICA DE MÉDIA - Z2
SALA DO HIDROREOSTATO","PRESSÃO DIFERENCIAL DA SALA ELÉTRICA","PT-100","RESISTÊNCIA","0°C","150°C","DANFOSS","MBT 5410
000-060-010-0000",1,"VOTORANTIM","Z2RM1","-","ED-I-Z2000-130","-",,5
"=A286+1","SU6.4TE2","-","SU6.4 - SALA ELÉTRICA DE MÉDIA - Z2
SALA DO HIDROREOSTATO","TEMPERATURA DA SALA ELÉTRICA","PT-100","RESISTÊNCIA","0°C","150°C","DANFOSS","MBT 5410
000-060-010-0000",1,"VOTORANTIM","Z2RM1","-","ED-I-Z2000-129","-",,5
"=A287+1","Z2M05TE3","-","UNIDADE DE LUBRIFICAÇÃO MANCAL DE ENTRADA DO MOINHO - Z2M05","TEMPERATURA AMBIENTE DO TANQUE DA UNIDADE HIDRÁULICA","PT-100","RESISTÊNCIA","0°C","150°C","DANFOSS","MBT 5410
000-060-010-0000",1,"VOTORANTIM","Z2RM1","-","ED-I-Z2000-104","-",,5
"=A288+1","Z2M10TE3","-","UNIDADE DE LUBRIFICAÇÃO MANCAL DE ENTRADA DO MOINHO - Z2M10","TEMPERATURA AMBIENTE DO TANQUE DA UNIDADE HIDRÁULICA","PT-100","RESISTÊNCIA","0°C","150°C","DANFOSS","MBT 5410
000-060-010-0000",1,"VOTORANTIM","Z2RM1","-","ED-I-Z2000-104","-",,2
"=A289+1","Z2M15TE3","-","UNIDADE DE LUBRIFICAÇÃO MANCAL DE ENTRADA DO MOINHO - Z2M15","TEMPERATURA AMBIENTE DO TANQUE DA UNIDADE HIDRÁULICA","PT-100","RESISTÊNCIA","0°C","150°C","DANFOSS","MBT 5410
000-060-010-0000",1,"VOTORANTIM","Z2RM1","-","ED-I-Z2000-104","-",,2
"=A290+1","Z2U05SE","571RF01.SS1","VÁLVULA ROTATIVA - Z2U05","VIGIA DE VELOCIDADE","SENSOR INDUTIVO DE PROXIMIDADE","120Vca","-","-","Schneider","XSAV11801",1,"SINOMA","Z2RM3","-","-","-",,1
"=A291+1","Z2U05SECX","-","VÁLVULA ROTATIVA - Z2U05","CAIXA DE PROTEÇÃO PARA VIGIA DE VELOCIDADE","-","-","-","-","-","CX. Padrão Vigia de Velocidade com anteparo de 2 Aletas (30 a 60 rpm)",1,"VOTORANTIM","-","VCM-0828 IT 02 + VCM-0830","Código de Compra VC: 491550","COMPRAR CONFORME MODELO VOTORANTIM INFORMADO NA COLUNA FOLHA DE DADOS",,1
"=A292+1","Z2U06SE","571RF02.SS1","VÁLVULA ROTATIVA - Z2U06","VIGIA DE VELOCIDADE","SENSOR INDUTIVO DE PROXIMIDADE","120Vca","-","-","Schneider","XSAV11801",1,"SINOMA","Z2RM3","-","-","-",,1
"=A293+1","Z2U06SECX","-","VÁLVULA ROTATIVA - Z2U06","CAIXA DE PROTEÇÃO PARA VIGIA DE VELOCIDADE","-","-","-","-","-","CX. Padrão Vigia de Velocidade com anteparo de 2 Aletas (30 a 60 rpm)",1,"VOTORANTIM","-","VCM-0828 IT 02 + VCM-0830","Código de Compra VC: 491550","COMPRAR CONFORME MODELO VOTORANTIM INFORMADO NA COLUNA FOLHA DE DADOS",,1
"=A294+1","Z2U09LSH","-","REGUEIRA DE SAÍDA DO FILTRO Z2P51 - Z2U09","NÍVEL ALTO","CHAVE DE NÍVEL","120Vca","150mm","300mm","VEGA","VEGAVIB63",1,"VOTORANTIM","Z2RM3","-","ED-I-Z2000-107","-",,1
"=A295+1","Z2U09TE","-","REGUEIRA DE SAÍDA DO FILTRO Z2P51 - Z2U09","TEMPERATURA NA SAÍDA","PT-100","RESISTÊNCIA","0°C","150°C","ECIL","TSM10/PT1-S-60-316/316-27-S-200/KNE-21/33/4BI",1,"VOTORANTIM","Z2RM3","-","ED-I-Z2000-104","-",,1
"=A296+1","Z2U43ZSH","-","VÁLVULA FLAP - Z2U43","ABERTO","SENSOR INDUTIVO DE PROXIMIDADE","120Vca","-","-","TELEMECANIQUE","XS1M30MB250",1,"VOTORANTIM","Z2RM5","-","ED-I-Z2000-103","-",,1
"=A297+1","Z2Y01PT","-","BALÃO DE AR COMPRIMIDO - Z2Y01","PRESSÃO BAIXA 
NA LINHA DE AR COMPRIMIDO","TRANSMISSOR DE PRESSÃO","4-20 mA","-","-","IFM","PN2094",1,"VOTORANTIM","Z2RM2","-","ED-I-Z2000-105","-",,1
"=A298+1","Z2Y01XV","-","BALÃO DE AR COMPRIMIDO - Z2Y01","VÁLVULA DE PURGA","VÁLVULA SOLENOIDE","120Vca","-","-","GHPC","PUT-06-110-D",1,"VOTORANTIM","Z2RM2","-","ED-I-Z2000-111","-",,1
"=A299+1","Z2Y02PT","-","BALÃO DE AR COMPRIMIDO - Z2Y02","PRESSÃO BAIXA 
NA LINHA DE AR COMPRIMIDO","TRANSMISSOR DE PRESSÃO","4-20 mA","-","-","IFM","PN2094",1,"VOTORANTIM","Z2RM2","-","ED-I-Z2000-105","-",,3
"=A300+1","Z2Y02XV","-","BALÃO DE AR COMPRIMIDO - Z2Y02","VÁLVULA DE PURGA","VÁLVULA SOLENOIDE","120Vca","-","-","GHPC","PUT-06-110-D",1,"VOTORANTIM","Z2RM2","-","ED-I-Z2000-111","-",,3
"=A301+1","Z2Y03PT","-","BALÃO DE AR COMPRIMIDO - Z2Y03","PRESSÃO BAIXA 
NA LINHA DE AR COMPRIMIDO","TRANSMISSOR DE PRESSÃO","4-20 mA","-","-","IFM","PN2094",1,"VOTORANTIM","Z2RM2","-","ED-I-Z2000-105","-",,4
"=A302+1","Z2Y03XV","-","BALÃO DE AR COMPRIMIDO -Z2Y03","VÁLVULA DE PURGA","VÁLVULA SOLENOIDE","120Vca","-","-","GHPC","PUT-06-110-D",1,"VOTORANTIM","Z2RM2","-","ED-I-Z2000-111","-",,4
